#
# There is insufficient memory for the Java Runtime Environment to continue.
# Native memory allocation (malloc) failed to allocate 1885616 bytes. Error detail: Chunk::new
# Possible reasons:
#   The system is out of physical RAM or swap space
#   This process is running with CompressedOops enabled, and the Java Heap may be blocking the growth of the native heap
# Possible solutions:
#   Reduce memory load on the system
#   Increase physical memory or swap space
#   Check if swap backing store is full
#   Decrease Java heap size (-Xmx/-Xms)
#   Decrease number of Java threads
#   Decrease Java thread stack sizes (-Xss)
#   Set larger code cache with -XX:ReservedCodeCacheSize=
#   JVM is running with Zero Based Compressed Oops mode in which the Java heap is
#     placed in the first 32GB address space. The Java Heap base address is the
#     maximum limit for the native heap growth. Please use -XX:HeapBaseMinAddress
#     to set the Java Heap base and to place the Java Heap above 32GB virtual address.
# This output file may be truncated or incomplete.
#
#  Out of Memory Error (arena.cpp:191), pid=21040, tid=19988
#
# JRE version: OpenJDK Runtime Environment Temurin-17.0.13+11 (17.0.13+11) (build 17.0.13+11)
# Java VM: OpenJDK 64-Bit Server VM Temurin-17.0.13+11 (17.0.13+11, mixed mode, sharing, tiered, compressed oops, compressed class ptrs, g1 gc, windows-amd64)
# No core dump will be written. Minidumps are not enabled by default on client versions of Windows
#

---------------  S U M M A R Y ------------

Command Line: --add-opens=java.base/java.lang=ALL-UNNAMED --add-opens=java.base/java.lang.invoke=ALL-UNNAMED --add-opens=java.base/java.util=ALL-UNNAMED --add-opens=java.prefs/java.util.prefs=ALL-UNNAMED --add-exports=jdk.compiler/com.sun.tools.javac.api=ALL-UNNAMED --add-exports=jdk.compiler/com.sun.tools.javac.util=ALL-UNNAMED --add-opens=java.base/java.util=ALL-UNNAMED --add-opens=java.prefs/java.util.prefs=ALL-UNNAMED --add-opens=java.base/java.nio.charset=ALL-UNNAMED --add-opens=java.base/java.net=ALL-UNNAMED --add-opens=java.base/java.util.concurrent.atomic=ALL-UNNAMED --add-opens=java.xml/javax.xml.namespace=ALL-UNNAMED -Xmx4536m -Dfile.encoding=windows-1252 -Duser.country=GB -Duser.language=en -Duser.variant -javaagent:D:\02 Program Files\.gradle\wrapper\dists\gradle-8.11.1-bin\bpt9gzteqjrbo1mjrsomdt32c\gradle-8.11.1\lib\agents\gradle-instrumentation-agent-8.11.1.jar org.gradle.launcher.daemon.bootstrap.GradleDaemon 8.11.1

Host: AMD Ryzen 5 5600X 6-Core Processor             , 12 cores, 7G,  Windows 11 , 64 bit Build 26100 (10.0.26100.7623)
Time: Sun Feb 22 00:47:20 2026 India Standard Time elapsed time: 25.079028 seconds (0d 0h 0m 25s)

---------------  T H R E A D  ---------------

Current thread (0x0000021b67cee300):  JavaThread "C2 CompilerThread2" daemon [_thread_in_native, id=19988, stack(0x0000006be0c00000,0x0000006be0d00000)]


Current CompileTask:
C2:  25079 16514       4       org.objectweb.asm.signature.SignatureReader::parseType (411 bytes)

Stack: [0x0000006be0c00000,0x0000006be0d00000]
Native frames: (J=compiled Java code, j=interpreted, Vv=VM code, C=native code)
V  [jvm.dll+0x682a19]
V  [jvm.dll+0x839538]
V  [jvm.dll+0x83afe3]
V  [jvm.dll+0x83b653]
V  [jvm.dll+0x24704f]
V  [jvm.dll+0xace34]
V  [jvm.dll+0xad4cc]
V  [jvm.dll+0x36592f]
V  [jvm.dll+0x1ba793]
V  [jvm.dll+0x2181a7]
V  [jvm.dll+0x21748f]
V  [jvm.dll+0x1a3070]
V  [jvm.dll+0x22788c]
V  [jvm.dll+0x2259eb]
V  [jvm.dll+0x7eec98]
V  [jvm.dll+0x7e8ffc]
V  [jvm.dll+0x6818f7]
C  [ucrtbase.dll+0x37b0]
C  [KERNEL32.DLL+0x2e8d7]
C  [ntdll.dll+0x8c53c]


---------------  P R O C E S S  ---------------

Threads class SMR info:
_java_thread_list=0x0000021b66421fa0, length=163, elements={
0x0000021b77bb91a0, 0x0000021b77cce990, 0x0000021b5d15e4b0, 0x0000021b5d17c390,
0x0000021b5d17cc60, 0x0000021b5d17d530, 0x0000021b5d185310, 0x0000021b5d185f10,
0x0000021b5d18e830, 0x0000021b5d1c1170, 0x0000021b77cc90b0, 0x0000021b5d3fd780,
0x0000021b62fce1b0, 0x0000021b62253a70, 0x0000021b63781090, 0x0000021b6314d980,
0x0000021b621fe910, 0x0000021b633fedd0, 0x0000021b633fd480, 0x0000021b633fcf70,
0x0000021b633fe3b0, 0x0000021b633ff2e0, 0x0000021b633fca60, 0x0000021b633fdea0,
0x0000021b633ff7f0, 0x0000021b63400210, 0x0000021b633fd990, 0x0000021b677e0cb0,
0x0000021b677e0290, 0x0000021b677e11c0, 0x0000021b677e1be0, 0x0000021b677e16d0,
0x0000021b677df360, 0x0000021b677e20f0, 0x0000021b677e4e80, 0x0000021b677e2b10,
0x0000021b677e58a0, 0x0000021b677e3020, 0x0000021b677e3f50, 0x0000021b677e4460,
0x0000021b677e4970, 0x0000021b677e5db0, 0x0000021b633fe8c0, 0x0000021b6836a390,
0x0000021b6836c1f0, 0x0000021b6836bce0, 0x0000021b68369970, 0x0000021b6836b2c0,
0x0000021b6836adb0, 0x0000021b6836c700, 0x0000021b68369e80, 0x0000021b6836b7d0,
0x0000021b6836a8a0, 0x0000021b6836cc10, 0x0000021b68369460, 0x0000021b6836f490,
0x0000021b683708d0, 0x0000021b6836db40, 0x0000021b6836d630, 0x0000021b6836e050,
0x0000021b6836f9a0, 0x0000021b6836e560, 0x0000021b6836ef80, 0x0000021b6836feb0,
0x0000021b683703c0, 0x0000021b6836d120, 0x0000021b68370de0, 0x0000021b6830eec0,
0x0000021b6830d570, 0x0000021b68310810, 0x0000021b6830da80, 0x0000021b68310d20,
0x0000021b6830f3d0, 0x0000021b6830e9b0, 0x0000021b68313090, 0x0000021b683135a0,
0x0000021b683149e0, 0x0000021b68313ab0, 0x0000021b677dfd80, 0x0000021b669a0f40,
0x0000021b6699fb00, 0x0000021b669a1e70, 0x0000021b669a0520, 0x0000021b669a1450,
0x0000021b669a0a30, 0x0000021b669a1960, 0x0000021b669a2380, 0x0000021b669a2890,
0x0000021b6699f0e0, 0x0000021b669a32b0, 0x0000021b669a37c0, 0x0000021b669a0010,
0x0000021b669a4c00, 0x0000021b669a6550, 0x0000021b669a5620, 0x0000021b669a3cd0,
0x0000021b669a41e0, 0x0000021b669a46f0, 0x0000021b669a5110, 0x0000021b669a5b30,
0x0000021b669a6040, 0x0000021b669a6a60, 0x0000021b677de940, 0x0000021b677df870,
0x0000021b677e3a40, 0x0000021b6561d3e0, 0x0000021b6561f240, 0x0000021b6561f750,
0x0000021b6561bfa0, 0x0000021b6561d8f0, 0x0000021b6561de00, 0x0000021b6561c9c0,
0x0000021b6561ed30, 0x0000021b6561fc60, 0x0000021b6561e310, 0x0000021b6561e820,
0x0000021b65620b90, 0x0000021b65622f00, 0x0000021b656215b0, 0x0000021b65623920,
0x0000021b656210a0, 0x0000021b65620680, 0x0000021b65623410, 0x0000021b65621ac0,
0x0000021b65621fd0, 0x0000021b656224e0, 0x0000021b656229f0, 0x0000021b65620170,
0x0000021b5d9203a0, 0x0000021b5d922710, 0x0000021b5d922c20, 0x0000021b5d923130,
0x0000021b5d920dc0, 0x0000021b5d91fe90, 0x0000021b5d923640, 0x0000021b5d9208b0,
0x0000021b5d9212d0, 0x0000021b5d923b50, 0x0000021b5d924570, 0x0000021b5d9217e0,
0x0000021b5d924f90, 0x0000021b5d9254a0, 0x0000021b5d921cf0, 0x0000021b5d924a80,
0x0000021b5d9259b0, 0x0000021b5d922200, 0x0000021b5d927810, 0x0000021b5d925ec0,
0x0000021b5d9263d0, 0x0000021b5d9268e0, 0x0000021b67cf02e0, 0x0000021b5d926df0,
0x0000021b6a1d6c90, 0x0000021b6a1d71a0, 0x0000021b6a1d6270, 0x0000021b6a1d6780,
0x0000021b6a1d7bc0, 0x0000021b6a1d5d60, 0x0000021b6a1d8af0, 0x0000021b6a1da440,
0x0000021b6a1d9510, 0x0000021b6a1d80d0, 0x0000021b67cee300
}

Java Threads: ( => current thread )
  0x0000021b77bb91a0 JavaThread "main" [_thread_blocked, id=9392, stack(0x0000006bd6100000,0x0000006bd6200000)]
  0x0000021b77cce990 JavaThread "Reference Handler" daemon [_thread_blocked, id=24960, stack(0x0000006bd6800000,0x0000006bd6900000)]
  0x0000021b5d15e4b0 JavaThread "Finalizer" daemon [_thread_blocked, id=12008, stack(0x0000006bd6900000,0x0000006bd6a00000)]
  0x0000021b5d17c390 JavaThread "Signal Dispatcher" daemon [_thread_blocked, id=24928, stack(0x0000006bd6a00000,0x0000006bd6b00000)]
  0x0000021b5d17cc60 JavaThread "Attach Listener" daemon [_thread_blocked, id=13864, stack(0x0000006bd6b00000,0x0000006bd6c00000)]
  0x0000021b5d17d530 JavaThread "Service Thread" daemon [_thread_blocked, id=14932, stack(0x0000006bd6c00000,0x0000006bd6d00000)]
  0x0000021b5d185310 JavaThread "Monitor Deflation Thread" daemon [_thread_blocked, id=25568, stack(0x0000006bd6d00000,0x0000006bd6e00000)]
  0x0000021b5d185f10 JavaThread "C2 CompilerThread0" daemon [_thread_in_native, id=3584, stack(0x0000006bd6e00000,0x0000006bd6f00000)]
  0x0000021b5d18e830 JavaThread "C1 CompilerThread0" daemon [_thread_blocked, id=22408, stack(0x0000006bd6f00000,0x0000006bd7000000)]
  0x0000021b5d1c1170 JavaThread "Sweeper thread" daemon [_thread_blocked, id=25580, stack(0x0000006bd7000000,0x0000006bd7100000)]
  0x0000021b77cc90b0 JavaThread "Common-Cleaner" daemon [_thread_blocked, id=21468, stack(0x0000006bd7100000,0x0000006bd7200000)]
  0x0000021b5d3fd780 JavaThread "Notification Thread" daemon [_thread_blocked, id=24008, stack(0x0000006bd7200000,0x0000006bd7300000)]
  0x0000021b62fce1b0 JavaThread "Daemon health stats" [_thread_blocked, id=11212, stack(0x0000006bd7a00000,0x0000006bd7b00000)]
  0x0000021b62253a70 JavaThread "Incoming local TCP Connector on port 53610" [_thread_in_native, id=24548, stack(0x0000006bd7b00000,0x0000006bd7c00000)]
  0x0000021b63781090 JavaThread "Daemon periodic checks" [_thread_blocked, id=21852, stack(0x0000006bd7c00000,0x0000006bd7d00000)]
  0x0000021b6314d980 JavaThread "Daemon" [_thread_blocked, id=14060, stack(0x0000006bd7d00000,0x0000006bd7e00000)]
  0x0000021b621fe910 JavaThread "Handler for socket connection from /127.0.0.1:53610 to /127.0.0.1:53611" [_thread_in_native, id=4824, stack(0x0000006bd7e00000,0x0000006bd7f00000)]
  0x0000021b633fedd0 JavaThread "Cancel handler" [_thread_blocked, id=6260, stack(0x0000006bd7f00000,0x0000006bd8000000)]
  0x0000021b633fd480 JavaThread "Daemon worker" [_thread_blocked, id=25200, stack(0x0000006bd8000000,0x0000006bd8100000)]
  0x0000021b633fcf70 JavaThread "Asynchronous log dispatcher for DefaultDaemonConnection: socket connection from /127.0.0.1:53610 to /127.0.0.1:53611" [_thread_blocked, id=192, stack(0x0000006bd8100000,0x0000006bd8200000)]
  0x0000021b633fe3b0 JavaThread "Stdin handler" [_thread_blocked, id=11128, stack(0x0000006bd8200000,0x0000006bd8300000)]
  0x0000021b633ff2e0 JavaThread "Daemon client event forwarder" [_thread_blocked, id=19920, stack(0x0000006bd8300000,0x0000006bd8400000)]
  0x0000021b633fca60 JavaThread "Cache worker for journal cache (D:\02 Program Files\.gradle\caches\journal-1)" [_thread_blocked, id=25460, stack(0x0000006bd8400000,0x0000006bd8500000)]
  0x0000021b633fdea0 JavaThread "File lock request listener" [_thread_in_native, id=21280, stack(0x0000006bd8500000,0x0000006bd8600000)]
  0x0000021b633ff7f0 JavaThread "Cache worker for file hash cache (D:\02 Program Files\.gradle\caches\8.11.1\fileHashes)" [_thread_blocked, id=18384, stack(0x0000006bd8600000,0x0000006bd8700000)]
  0x0000021b63400210 JavaThread "Cache worker for file content cache (D:\02 Program Files\.gradle\caches\8.11.1\fileContent)" [_thread_blocked, id=22880, stack(0x0000006bd8c00000,0x0000006bd8d00000)]
  0x0000021b633fd990 JavaThread "Cache worker for file hash cache (D:\03 Yaatra\03 GitHub\OfflineGames_Sudooku\Sudooku\android\build\.gradle\8.11.1\fileHashes)" [_thread_blocked, id=9536, stack(0x0000006bd8d00000,0x0000006bd8e00000)]
  0x0000021b677e0cb0 JavaThread "Cache worker for Build Output Cleanup Cache (D:\03 Yaatra\03 GitHub\OfflineGames_Sudooku\Sudooku\android\build\.gradle\buildOutputCleanup)" [_thread_blocked, id=2052, stack(0x0000006bd8e00000,0x0000006bd8f00000)]
  0x0000021b677e0290 JavaThread "File watcher server" daemon [_thread_in_native, id=24964, stack(0x0000006bd9100000,0x0000006bd9200000)]
  0x0000021b677e11c0 JavaThread "File watcher consumer" daemon [_thread_blocked, id=25048, stack(0x0000006bd9200000,0x0000006bd9300000)]
  0x0000021b677e1be0 JavaThread "Cache worker for checksums cache (D:\03 Yaatra\03 GitHub\OfflineGames_Sudooku\Sudooku\android\build\.gradle\8.11.1\checksums)" [_thread_blocked, id=21488, stack(0x0000006bd9300000,0x0000006bd9400000)]
  0x0000021b677e16d0 JavaThread "Cache worker for cache directory md-rule (D:\02 Program Files\.gradle\caches\8.11.1\md-rule)" [_thread_blocked, id=24980, stack(0x0000006bd9400000,0x0000006bd9500000)]
  0x0000021b677df360 JavaThread "Cache worker for cache directory md-supplier (D:\02 Program Files\.gradle\caches\8.11.1\md-supplier)" [_thread_blocked, id=18500, stack(0x0000006bd9500000,0x0000006bd9600000)]
  0x0000021b677e20f0 JavaThread "jar transforms" [_thread_blocked, id=14328, stack(0x0000006bd9700000,0x0000006bd9800000)]
  0x0000021b677e4e80 JavaThread "jar transforms Thread 2" [_thread_blocked, id=25360, stack(0x0000006bd9800000,0x0000006bd9900000)]
  0x0000021b677e2b10 JavaThread "jar transforms Thread 3" [_thread_blocked, id=19460, stack(0x0000006bd9900000,0x0000006bd9a00000)]
  0x0000021b677e58a0 JavaThread "jar transforms Thread 4" [_thread_blocked, id=4272, stack(0x0000006bd9a00000,0x0000006bd9b00000)]
  0x0000021b677e3020 JavaThread "jar transforms Thread 5" [_thread_blocked, id=25040, stack(0x0000006bd9b00000,0x0000006bd9c00000)]
  0x0000021b677e3f50 JavaThread "Unconstrained build operations" [_thread_blocked, id=21736, stack(0x0000006bd7500000,0x0000006bd7600000)]
  0x0000021b677e4460 JavaThread "Unconstrained build operations Thread 2" [_thread_blocked, id=416, stack(0x0000006bd9c00000,0x0000006bd9d00000)]
  0x0000021b677e4970 JavaThread "Unconstrained build operations Thread 3" [_thread_blocked, id=21156, stack(0x0000006bd9d00000,0x0000006bd9e00000)]
  0x0000021b677e5db0 JavaThread "Unconstrained build operations Thread 4" [_thread_blocked, id=23244, stack(0x0000006bd9e00000,0x0000006bd9f00000)]
  0x0000021b633fe8c0 JavaThread "Unconstrained build operations Thread 5" [_thread_blocked, id=23440, stack(0x0000006bd9f00000,0x0000006bda000000)]
  0x0000021b6836a390 JavaThread "Unconstrained build operations Thread 6" [_thread_blocked, id=24976, stack(0x0000006bda000000,0x0000006bda100000)]
  0x0000021b6836c1f0 JavaThread "Unconstrained build operations Thread 7" [_thread_blocked, id=3588, stack(0x0000006bda100000,0x0000006bda200000)]
  0x0000021b6836bce0 JavaThread "Unconstrained build operations Thread 8" [_thread_blocked, id=22796, stack(0x0000006bda200000,0x0000006bda300000)]
  0x0000021b68369970 JavaThread "Unconstrained build operations Thread 9" [_thread_blocked, id=5180, stack(0x0000006bda300000,0x0000006bda400000)]
  0x0000021b6836b2c0 JavaThread "Unconstrained build operations Thread 10" [_thread_blocked, id=22172, stack(0x0000006bda400000,0x0000006bda500000)]
  0x0000021b6836adb0 JavaThread "Unconstrained build operations Thread 11" [_thread_blocked, id=18820, stack(0x0000006bda500000,0x0000006bda600000)]
  0x0000021b6836c700 JavaThread "Unconstrained build operations Thread 12" [_thread_blocked, id=780, stack(0x0000006bda600000,0x0000006bda700000)]
  0x0000021b68369e80 JavaThread "Unconstrained build operations Thread 13" [_thread_blocked, id=16528, stack(0x0000006bda700000,0x0000006bda800000)]
  0x0000021b6836b7d0 JavaThread "Unconstrained build operations Thread 14" [_thread_blocked, id=21720, stack(0x0000006bda800000,0x0000006bda900000)]
  0x0000021b6836a8a0 JavaThread "Unconstrained build operations Thread 15" [_thread_blocked, id=4120, stack(0x0000006bda900000,0x0000006bdaa00000)]
  0x0000021b6836cc10 JavaThread "Unconstrained build operations Thread 16" [_thread_blocked, id=23684, stack(0x0000006bdaa00000,0x0000006bdab00000)]
  0x0000021b68369460 JavaThread "Unconstrained build operations Thread 17" [_thread_blocked, id=20036, stack(0x0000006bdab00000,0x0000006bdac00000)]
  0x0000021b6836f490 JavaThread "Unconstrained build operations Thread 18" [_thread_blocked, id=9440, stack(0x0000006bdac00000,0x0000006bdad00000)]
  0x0000021b683708d0 JavaThread "Unconstrained build operations Thread 19" [_thread_blocked, id=11256, stack(0x0000006bdad00000,0x0000006bdae00000)]
  0x0000021b6836db40 JavaThread "Unconstrained build operations Thread 20" [_thread_blocked, id=22976, stack(0x0000006bdae00000,0x0000006bdaf00000)]
  0x0000021b6836d630 JavaThread "Unconstrained build operations Thread 21" [_thread_blocked, id=24092, stack(0x0000006bdaf00000,0x0000006bdb000000)]
  0x0000021b6836e050 JavaThread "Unconstrained build operations Thread 22" [_thread_blocked, id=9648, stack(0x0000006bdb000000,0x0000006bdb100000)]
  0x0000021b6836f9a0 JavaThread "Unconstrained build operations Thread 23" [_thread_blocked, id=25036, stack(0x0000006bdb200000,0x0000006bdb300000)]
  0x0000021b6836e560 JavaThread "Unconstrained build operations Thread 24" [_thread_blocked, id=24852, stack(0x0000006bdb300000,0x0000006bdb400000)]
  0x0000021b6836ef80 JavaThread "Unconstrained build operations Thread 25" [_thread_blocked, id=25112, stack(0x0000006bdb400000,0x0000006bdb500000)]
  0x0000021b6836feb0 JavaThread "Unconstrained build operations Thread 26" [_thread_blocked, id=25144, stack(0x0000006bdb500000,0x0000006bdb600000)]
  0x0000021b683703c0 JavaThread "Unconstrained build operations Thread 27" [_thread_blocked, id=25100, stack(0x0000006bdb600000,0x0000006bdb700000)]
  0x0000021b6836d120 JavaThread "Unconstrained build operations Thread 28" [_thread_blocked, id=25084, stack(0x0000006bdb700000,0x0000006bdb800000)]
  0x0000021b68370de0 JavaThread "Unconstrained build operations Thread 29" [_thread_blocked, id=25120, stack(0x0000006bdb800000,0x0000006bdb900000)]
  0x0000021b6830eec0 JavaThread "Unconstrained build operations Thread 30" [_thread_blocked, id=25096, stack(0x0000006bdb900000,0x0000006bdba00000)]
  0x0000021b6830d570 JavaThread "Unconstrained build operations Thread 31" [_thread_blocked, id=24832, stack(0x0000006bdba00000,0x0000006bdbb00000)]
  0x0000021b68310810 JavaThread "Unconstrained build operations Thread 32" [_thread_blocked, id=25080, stack(0x0000006bdbb00000,0x0000006bdbc00000)]
  0x0000021b6830da80 JavaThread "Unconstrained build operations Thread 33" [_thread_blocked, id=25140, stack(0x0000006bdbc00000,0x0000006bdbd00000)]
  0x0000021b68310d20 JavaThread "Memory manager" [_thread_blocked, id=21248, stack(0x0000006bdbd00000,0x0000006bdbe00000)]
  0x0000021b6830f3d0 JavaThread "build event listener" [_thread_blocked, id=19796, stack(0x0000006bdbe00000,0x0000006bdbf00000)]
  0x0000021b6830e9b0 JavaThread "jar transforms Thread 6" [_thread_blocked, id=25524, stack(0x0000006bdbf00000,0x0000006bdc000000)]
  0x0000021b68313090 JavaThread "jar transforms Thread 7" [_thread_blocked, id=9632, stack(0x0000006bdc000000,0x0000006bdc100000)]
  0x0000021b683135a0 JavaThread "jar transforms Thread 8" [_thread_blocked, id=21824, stack(0x0000006bdc100000,0x0000006bdc200000)]
  0x0000021b683149e0 JavaThread "included builds" [_thread_blocked, id=24420, stack(0x0000006bdc200000,0x0000006bdc300000)]
  0x0000021b68313ab0 JavaThread "Execution worker" [_thread_blocked, id=7328, stack(0x0000006bdc300000,0x0000006bdc400000)]
  0x0000021b677dfd80 JavaThread "Execution worker Thread 2" [_thread_blocked, id=24932, stack(0x0000006bdc400000,0x0000006bdc500000)]
  0x0000021b669a0f40 JavaThread "Execution worker Thread 3" [_thread_blocked, id=23772, stack(0x0000006bdc500000,0x0000006bdc600000)]
  0x0000021b6699fb00 JavaThread "Execution worker Thread 4" [_thread_in_native, id=7792, stack(0x0000006bdc600000,0x0000006bdc700000)]
  0x0000021b669a1e70 JavaThread "Execution worker Thread 5" [_thread_blocked, id=17768, stack(0x0000006bdc700000,0x0000006bdc800000)]
  0x0000021b669a0520 JavaThread "Execution worker Thread 6" [_thread_blocked, id=15660, stack(0x0000006bdc800000,0x0000006bdc900000)]
  0x0000021b669a1450 JavaThread "Execution worker Thread 7" [_thread_blocked, id=9304, stack(0x0000006bdc900000,0x0000006bdca00000)]
  0x0000021b669a0a30 JavaThread "Execution worker Thread 8" [_thread_blocked, id=23872, stack(0x0000006bdca00000,0x0000006bdcb00000)]
  0x0000021b669a1960 JavaThread "Execution worker Thread 9" [_thread_blocked, id=18960, stack(0x0000006bdcb00000,0x0000006bdcc00000)]
  0x0000021b669a2380 JavaThread "Execution worker Thread 10" [_thread_blocked, id=4512, stack(0x0000006bdcc00000,0x0000006bdcd00000)]
  0x0000021b669a2890 JavaThread "Execution worker Thread 11" [_thread_blocked, id=15284, stack(0x0000006bdcd00000,0x0000006bdce00000)]
  0x0000021b6699f0e0 JavaThread "Cache worker for execution history cache (D:\03 Yaatra\03 GitHub\OfflineGames_Sudooku\Sudooku\android\build\.gradle\8.11.1\executionHistory)" [_thread_blocked, id=22636, stack(0x0000006bdce00000,0x0000006bdcf00000)]
  0x0000021b669a32b0 JavaThread "Unconstrained build operations Thread 34" [_thread_blocked, id=7888, stack(0x0000006bd7400000,0x0000006bd7500000)]
  0x0000021b669a37c0 JavaThread "WorkerExecutor Queue" [_thread_blocked, id=4396, stack(0x0000006bdcf00000,0x0000006bdd000000)]
  0x0000021b669a0010 JavaThread "pool-3-thread-1" [_thread_blocked, id=20732, stack(0x0000006bdd100000,0x0000006bdd200000)]
  0x0000021b669a4c00 JavaThread "Unconstrained build operations Thread 35" [_thread_blocked, id=23456, stack(0x0000006bdd300000,0x0000006bdd400000)]
  0x0000021b669a6550 JavaThread "Unconstrained build operations Thread 36" [_thread_blocked, id=10372, stack(0x0000006bdd400000,0x0000006bdd500000)]
  0x0000021b669a5620 JavaThread "Unconstrained build operations Thread 37" [_thread_blocked, id=3880, stack(0x0000006bdd500000,0x0000006bdd600000)]
  0x0000021b669a3cd0 JavaThread "Unconstrained build operations Thread 38" [_thread_blocked, id=20320, stack(0x0000006bdd600000,0x0000006bdd700000)]
  0x0000021b669a41e0 JavaThread "Unconstrained build operations Thread 39" [_thread_blocked, id=19468, stack(0x0000006bdd700000,0x0000006bdd800000)]
  0x0000021b669a46f0 JavaThread "Unconstrained build operations Thread 40" [_thread_blocked, id=3148, stack(0x0000006bdd800000,0x0000006bdd900000)]
  0x0000021b669a5110 JavaThread "Unconstrained build operations Thread 41" [_thread_blocked, id=9044, stack(0x0000006bdd900000,0x0000006bdda00000)]
  0x0000021b669a5b30 JavaThread "Unconstrained build operations Thread 42" [_thread_blocked, id=22740, stack(0x0000006bdda00000,0x0000006bddb00000)]
  0x0000021b669a6040 JavaThread "Unconstrained build operations Thread 43" [_thread_blocked, id=9228, stack(0x0000006bddb00000,0x0000006bddc00000)]
  0x0000021b669a6a60 JavaThread "Unconstrained build operations Thread 44" [_thread_blocked, id=3940, stack(0x0000006bddc00000,0x0000006bddd00000)]
  0x0000021b677de940 JavaThread "Unconstrained build operations Thread 45" [_thread_blocked, id=2664, stack(0x0000006bddd00000,0x0000006bdde00000)]
  0x0000021b677df870 JavaThread "stderr" [_thread_in_native, id=22664, stack(0x0000006bdde00000,0x0000006bddf00000)]
  0x0000021b677e3a40 JavaThread "stdout" [_thread_in_native, id=22988, stack(0x0000006bddf00000,0x0000006bde000000)]
  0x0000021b6561d3e0 JavaThread "WorkerExecutor Queue Thread 2" [_thread_blocked, id=21208, stack(0x0000006bdd000000,0x0000006bdd100000)]
  0x0000021b6561f240 JavaThread "WorkerExecutor Queue Thread 3" [_thread_blocked, id=7692, stack(0x0000006bde000000,0x0000006bde100000)]
  0x0000021b6561f750 JavaThread "WorkerExecutor Queue Thread 4" [_thread_blocked, id=22344, stack(0x0000006bde100000,0x0000006bde200000)]
  0x0000021b6561bfa0 JavaThread "WorkerExecutor Queue Thread 5" [_thread_blocked, id=21328, stack(0x0000006bde200000,0x0000006bde300000)]
  0x0000021b6561d8f0 JavaThread "WorkerExecutor Queue Thread 6" [_thread_blocked, id=21168, stack(0x0000006bde300000,0x0000006bde400000)]
  0x0000021b6561de00 JavaThread "WorkerExecutor Queue Thread 7" [_thread_blocked, id=22236, stack(0x0000006bde500000,0x0000006bde600000)]
  0x0000021b6561c9c0 JavaThread "WorkerExecutor Queue Thread 8" [_thread_blocked, id=24428, stack(0x0000006bde600000,0x0000006bde700000)]
  0x0000021b6561ed30 JavaThread "WorkerExecutor Queue Thread 9" [_thread_blocked, id=20904, stack(0x0000006bde700000,0x0000006bde800000)]
  0x0000021b6561fc60 JavaThread "WorkerExecutor Queue Thread 10" [_thread_blocked, id=21096, stack(0x0000006bde800000,0x0000006bde900000)]
  0x0000021b6561e310 JavaThread "WorkerExecutor Queue Thread 11" [_thread_blocked, id=14256, stack(0x0000006bde900000,0x0000006bdea00000)]
  0x0000021b6561e820 JavaThread "WorkerExecutor Queue Thread 12" [_thread_blocked, id=9244, stack(0x0000006bdea00000,0x0000006bdeb00000)]
  0x0000021b65620b90 JavaThread "Unconstrained build operations Thread 46" [_thread_blocked, id=5380, stack(0x0000006bdeb00000,0x0000006bdec00000)]
  0x0000021b65622f00 JavaThread "Unconstrained build operations Thread 47" [_thread_blocked, id=1988, stack(0x0000006bdec00000,0x0000006bded00000)]
  0x0000021b656215b0 JavaThread "Unconstrained build operations Thread 48" [_thread_blocked, id=10188, stack(0x0000006bded00000,0x0000006bdee00000)]
  0x0000021b65623920 JavaThread "Unconstrained build operations Thread 49" [_thread_blocked, id=21448, stack(0x0000006bdee00000,0x0000006bdef00000)]
  0x0000021b656210a0 JavaThread "Unconstrained build operations Thread 50" [_thread_blocked, id=16944, stack(0x0000006bdef00000,0x0000006bdf000000)]
  0x0000021b65620680 JavaThread "Unconstrained build operations Thread 51" [_thread_blocked, id=22652, stack(0x0000006bdf000000,0x0000006bdf100000)]
  0x0000021b65623410 JavaThread "Unconstrained build operations Thread 52" [_thread_blocked, id=21596, stack(0x0000006bdf100000,0x0000006bdf200000)]
  0x0000021b65621ac0 JavaThread "Unconstrained build operations Thread 53" [_thread_blocked, id=5424, stack(0x0000006bdf200000,0x0000006bdf300000)]
  0x0000021b65621fd0 JavaThread "Unconstrained build operations Thread 54" [_thread_blocked, id=22736, stack(0x0000006bdf300000,0x0000006bdf400000)]
  0x0000021b656224e0 JavaThread "Unconstrained build operations Thread 55" [_thread_blocked, id=20652, stack(0x0000006bdf400000,0x0000006bdf500000)]
  0x0000021b656229f0 JavaThread "Unconstrained build operations Thread 56" [_thread_blocked, id=19504, stack(0x0000006bdf500000,0x0000006bdf600000)]
  0x0000021b65620170 JavaThread "Unconstrained build operations Thread 57" [_thread_blocked, id=1936, stack(0x0000006bde400000,0x0000006bde500000)]
  0x0000021b5d9203a0 JavaThread "Unconstrained build operations Thread 58" [_thread_blocked, id=23288, stack(0x0000006bdf600000,0x0000006bdf700000)]
  0x0000021b5d922710 JavaThread "Unconstrained build operations Thread 59" [_thread_blocked, id=22456, stack(0x0000006bdf700000,0x0000006bdf800000)]
  0x0000021b5d922c20 JavaThread "Unconstrained build operations Thread 60" [_thread_blocked, id=2844, stack(0x0000006bdf800000,0x0000006bdf900000)]
  0x0000021b5d923130 JavaThread "Unconstrained build operations Thread 61" [_thread_blocked, id=5648, stack(0x0000006bdf900000,0x0000006bdfa00000)]
  0x0000021b5d920dc0 JavaThread "Unconstrained build operations Thread 62" [_thread_blocked, id=7472, stack(0x0000006bdfa00000,0x0000006bdfb00000)]
  0x0000021b5d91fe90 JavaThread "Unconstrained build operations Thread 63" [_thread_blocked, id=21272, stack(0x0000006bdfb00000,0x0000006bdfc00000)]
  0x0000021b5d923640 JavaThread "Unconstrained build operations Thread 64" [_thread_blocked, id=16948, stack(0x0000006bdfc00000,0x0000006bdfd00000)]
  0x0000021b5d9208b0 JavaThread "Unconstrained build operations Thread 65" [_thread_blocked, id=5588, stack(0x0000006bdfd00000,0x0000006bdfe00000)]
  0x0000021b5d9212d0 JavaThread "Unconstrained build operations Thread 66" [_thread_blocked, id=17848, stack(0x0000006bdfe00000,0x0000006bdff00000)]
  0x0000021b5d923b50 JavaThread "Unconstrained build operations Thread 67" [_thread_blocked, id=22008, stack(0x0000006bdff00000,0x0000006be0000000)]
  0x0000021b5d924570 JavaThread "Unconstrained build operations Thread 68" [_thread_blocked, id=19416, stack(0x0000006be0100000,0x0000006be0200000)]
  0x0000021b5d9217e0 JavaThread "Unconstrained build operations Thread 69" [_thread_blocked, id=9680, stack(0x0000006be0200000,0x0000006be0300000)]
  0x0000021b5d924f90 JavaThread "Unconstrained build operations Thread 70" [_thread_blocked, id=21532, stack(0x0000006be0300000,0x0000006be0400000)]
  0x0000021b5d9254a0 JavaThread "Unconstrained build operations Thread 71" [_thread_blocked, id=22924, stack(0x0000006be0400000,0x0000006be0500000)]
  0x0000021b5d921cf0 JavaThread "Unconstrained build operations Thread 72" [_thread_blocked, id=22388, stack(0x0000006be0500000,0x0000006be0600000)]
  0x0000021b5d924a80 JavaThread "Unconstrained build operations Thread 73" [_thread_blocked, id=22828, stack(0x0000006be0600000,0x0000006be0700000)]
  0x0000021b5d9259b0 JavaThread "Unconstrained build operations Thread 74" [_thread_blocked, id=20792, stack(0x0000006be0700000,0x0000006be0800000)]
  0x0000021b5d922200 JavaThread "Unconstrained build operations Thread 75" [_thread_blocked, id=20232, stack(0x0000006be0800000,0x0000006be0900000)]
  0x0000021b5d927810 JavaThread "Unconstrained build operations Thread 76" [_thread_blocked, id=24944, stack(0x0000006be0900000,0x0000006be0a00000)]
  0x0000021b5d925ec0 JavaThread "Unconstrained build operations Thread 77" [_thread_blocked, id=18676, stack(0x0000006be0a00000,0x0000006be0b00000)]
  0x0000021b5d9263d0 JavaThread "Unconstrained build operations Thread 78" [_thread_blocked, id=10260, stack(0x0000006be0b00000,0x0000006be0c00000)]
  0x0000021b5d9268e0 JavaThread "Unconstrained build operations Thread 79" [_thread_blocked, id=25284, stack(0x0000006bdd200000,0x0000006bdd300000)]
  0x0000021b67cf02e0 JavaThread "C2 CompilerThread1" daemon [_thread_in_native, id=25300, stack(0x0000006be0000000,0x0000006be0100000)]
  0x0000021b5d926df0 JavaThread "Unconstrained build operations Thread 80" [_thread_blocked, id=25312, stack(0x0000006be0d00000,0x0000006be0e00000)]
  0x0000021b6a1d6c90 JavaThread "Unconstrained build operations Thread 81" [_thread_blocked, id=25316, stack(0x0000006be0e00000,0x0000006be0f00000)]
  0x0000021b6a1d71a0 JavaThread "Unconstrained build operations Thread 82" [_thread_blocked, id=25296, stack(0x0000006be0f00000,0x0000006be1000000)]
  0x0000021b6a1d6270 JavaThread "Unconstrained build operations Thread 83" [_thread_blocked, id=25320, stack(0x0000006be1000000,0x0000006be1100000)]
  0x0000021b6a1d6780 JavaThread "Unconstrained build operations Thread 84" [_thread_in_native, id=25328, stack(0x0000006be1100000,0x0000006be1200000)]
  0x0000021b6a1d7bc0 JavaThread "Unconstrained build operations Thread 85" [_thread_blocked, id=25336, stack(0x0000006be1200000,0x0000006be1300000)]
  0x0000021b6a1d5d60 JavaThread "Unconstrained build operations Thread 86" [_thread_blocked, id=25332, stack(0x0000006be1300000,0x0000006be1400000)]
  0x0000021b6a1d8af0 JavaThread "Unconstrained build operations Thread 87" [_thread_blocked, id=25340, stack(0x0000006be1400000,0x0000006be1500000)]
  0x0000021b6a1da440 JavaThread "Unconstrained build operations Thread 88" [_thread_blocked, id=25344, stack(0x0000006be1500000,0x0000006be1600000)]
  0x0000021b6a1d9510 JavaThread "Unconstrained build operations Thread 89" [_thread_blocked, id=25368, stack(0x0000006be1600000,0x0000006be1700000)]
  0x0000021b6a1d80d0 JavaThread "Unconstrained build operations Thread 90" [_thread_in_Java, id=23344, stack(0x0000006be1700000,0x0000006be1800000)]
=>0x0000021b67cee300 JavaThread "C2 CompilerThread2" daemon [_thread_in_native, id=19988, stack(0x0000006be0c00000,0x0000006be0d00000)]

Other Threads:
  0x0000021b77cce460 VMThread "VM Thread" [stack: 0x0000006bd6700000,0x0000006bd6800000] [id=22368]
  0x0000021b77bb9bd0 WatcherThread [stack: 0x0000006bd7300000,0x0000006bd7400000] [id=22108]
  0x0000021b77c28390 GCTaskThread "GC Thread#0" [stack: 0x0000006bd6200000,0x0000006bd6300000] [id=3180]
  0x0000021b5d6945d0 GCTaskThread "GC Thread#1" [stack: 0x0000006bd7600000,0x0000006bd7700000] [id=23492]
  0x0000021b5d6b6db0 GCTaskThread "GC Thread#2" [stack: 0x0000006bd7700000,0x0000006bd7800000] [id=21128]
  0x0000021b62254060 GCTaskThread "GC Thread#3" [stack: 0x0000006bd7800000,0x0000006bd7900000] [id=20680]
  0x0000021b5d5db070 GCTaskThread "GC Thread#4" [stack: 0x0000006bd7900000,0x0000006bd7a00000] [id=22892]
  0x0000021b63cde910 GCTaskThread "GC Thread#5" [stack: 0x0000006bd8700000,0x0000006bd8800000] [id=18812]
  0x0000021b63cdebd0 GCTaskThread "GC Thread#6" [stack: 0x0000006bd8800000,0x0000006bd8900000] [id=17184]
  0x0000021b63d30330 GCTaskThread "GC Thread#7" [stack: 0x0000006bd8900000,0x0000006bd8a00000] [id=6252]
  0x0000021b63d305f0 GCTaskThread "GC Thread#8" [stack: 0x0000006bd8a00000,0x0000006bd8b00000] [id=19972]
  0x0000021b6594d510 GCTaskThread "GC Thread#9" [stack: 0x0000006bd8b00000,0x0000006bd8c00000] [id=23676]
  0x0000021b77c360d0 ConcurrentGCThread "G1 Main Marker" [stack: 0x0000006bd6300000,0x0000006bd6400000] [id=20080]
  0x0000021b77c371a0 ConcurrentGCThread "G1 Conc#0" [stack: 0x0000006bd6400000,0x0000006bd6500000] [id=24660]
  0x0000021b63d53940 ConcurrentGCThread "G1 Conc#1" [stack: 0x0000006bd8f00000,0x0000006bd9000000] [id=3192]
  0x0000021b6646a650 ConcurrentGCThread "G1 Conc#2" [stack: 0x0000006bd9000000,0x0000006bd9100000] [id=11856]
  0x0000021b77cb1bd0 ConcurrentGCThread "G1 Refine#0" [stack: 0x0000006bd6500000,0x0000006bd6600000] [id=24552]
  0x0000021b6733cb90 ConcurrentGCThread "G1 Refine#1" [stack: 0x0000006bd9600000,0x0000006bd9700000] [id=19520]
  0x0000021b77cb33c0 ConcurrentGCThread "G1 Service" [stack: 0x0000006bd6600000,0x0000006bd6700000] [id=2548]

Threads with active compile tasks:
C2 CompilerThread0    25115 16427 %     4       org.objectweb.asm.ClassReader::readCode @ 1738 (5117 bytes)
C2 CompilerThread1    25115 16820       4       org.objectweb.asm.commons.Remapper::mapType (123 bytes)
C2 CompilerThread2    25115 16514       4       org.objectweb.asm.signature.SignatureReader::parseType (411 bytes)

VM state: not at safepoint (normal execution)

VM Mutex/Monitor currently owned by a thread: None

Heap address: 0x00000006e4800000, size: 4536 MB, Compressed Oops mode: Zero based, Oop shift amount: 3

CDS archive(s) mapped at: [0x0000021b1c000000-0x0000021b1cbb0000-0x0000021b1cbb0000), size 12255232, SharedBaseAddress: 0x0000021b1c000000, ArchiveRelocationMode: 1.
Compressed class space mapped at: 0x0000021b1d000000-0x0000021b5d000000, reserved size: 1073741824
Narrow klass base: 0x0000021b1c000000, Narrow klass shift: 0, Narrow klass range: 0x100000000

GC Precious Log:
 CPUs: 12 total, 12 available
 Memory: 8118M
 Large Page Support: Disabled
 NUMA Support: Disabled
 Compressed Oops: Enabled (Zero based)
 Heap Region Size: 4M
 Heap Min Capacity: 8M
 Heap Initial Capacity: 128M
 Heap Max Capacity: 4536M
 Pre-touch: Disabled
 Parallel Workers: 10
 Concurrent Workers: 3
 Concurrent Refinement Workers: 10
 Periodic GC: Disabled

Heap:
 garbage-first heap   total 1073152K, used 604638K [0x00000006e4800000, 0x0000000800000000)
  region size 4096K, 122 young (499712K), 2 survivors (8192K)
 Metaspace       used 112434K, committed 113344K, reserved 1179648K
  class space    used 15124K, committed 15552K, reserved 1048576K

Heap Regions: E=young(eden), S=young(survivor), O=old, HS=humongous(starts), HC=humongous(continues), CS=collection set, F=free, OA=open archive, CA=closed archive, TAMS=top-at-mark-start (previous, next)
|   0|0x00000006e4800000, 0x00000006e4c00000, 0x00000006e4c00000|100%|HS|  |TAMS 0x00000006e4c00000, 0x00000006e4800000| Complete 
|   1|0x00000006e4c00000, 0x00000006e5000000, 0x00000006e5000000|100%| O|  |TAMS 0x00000006e5000000, 0x00000006e4c00000| Untracked 
|   2|0x00000006e5000000, 0x00000006e5400000, 0x00000006e5400000|100%| O|  |TAMS 0x00000006e5400000, 0x00000006e5000000| Untracked 
|   3|0x00000006e5400000, 0x00000006e57fde00, 0x00000006e5800000| 99%| O|  |TAMS 0x00000006e57fde00, 0x00000006e5400000| Untracked 
|   4|0x00000006e5800000, 0x00000006e5c00000, 0x00000006e5c00000|100%| O|  |TAMS 0x00000006e5c00000, 0x00000006e5800000| Untracked 
|   5|0x00000006e5c00000, 0x00000006e6000000, 0x00000006e6000000|100%| O|  |TAMS 0x00000006e6000000, 0x00000006e5c00000| Untracked 
|   6|0x00000006e6000000, 0x00000006e6400000, 0x00000006e6400000|100%| O|  |TAMS 0x00000006e6400000, 0x00000006e6000000| Untracked 
|   7|0x00000006e6400000, 0x00000006e6800000, 0x00000006e6800000|100%| O|  |TAMS 0x00000006e6800000, 0x00000006e6400000| Untracked 
|   8|0x00000006e6800000, 0x00000006e6c00000, 0x00000006e6c00000|100%| O|  |TAMS 0x00000006e6c00000, 0x00000006e6800000| Untracked 
|   9|0x00000006e6c00000, 0x00000006e7000000, 0x00000006e7000000|100%| O|  |TAMS 0x00000006e7000000, 0x00000006e6c00000| Untracked 
|  10|0x00000006e7000000, 0x00000006e7400000, 0x00000006e7400000|100%|HS|  |TAMS 0x00000006e7400000, 0x00000006e7000000| Complete 
|  11|0x00000006e7400000, 0x00000006e7800000, 0x00000006e7800000|100%| O|  |TAMS 0x00000006e7800000, 0x00000006e7400000| Untracked 
|  12|0x00000006e7800000, 0x00000006e7c00000, 0x00000006e7c00000|100%| O|  |TAMS 0x00000006e7c00000, 0x00000006e7800000| Untracked 
|  13|0x00000006e7c00000, 0x00000006e8000000, 0x00000006e8000000|100%| O|  |TAMS 0x00000006e8000000, 0x00000006e7c00000| Untracked 
|  14|0x00000006e8000000, 0x00000006e8400000, 0x00000006e8400000|100%| O|  |TAMS 0x00000006e8400000, 0x00000006e8000000| Untracked 
|  15|0x00000006e8400000, 0x00000006e8800000, 0x00000006e8800000|100%| O|  |TAMS 0x00000006e8800000, 0x00000006e8400000| Untracked 
|  16|0x00000006e8800000, 0x00000006e8c00000, 0x00000006e8c00000|100%|HS|  |TAMS 0x00000006e8c00000, 0x00000006e8800000| Complete 
|  17|0x00000006e8c00000, 0x00000006e9000000, 0x00000006e9000000|100%| O|  |TAMS 0x00000006e9000000, 0x00000006e8c00000| Untracked 
|  18|0x00000006e9000000, 0x00000006e9400000, 0x00000006e9400000|100%| O|  |TAMS 0x00000006e9400000, 0x00000006e9000000| Untracked 
|  19|0x00000006e9400000, 0x00000006e9800000, 0x00000006e9800000|100%| O|  |TAMS 0x00000006e9800000, 0x00000006e9400000| Untracked 
|  20|0x00000006e9800000, 0x00000006e9c00000, 0x00000006e9c00000|100%| O|  |TAMS 0x00000006e9c00000, 0x00000006e9800000| Untracked 
|  21|0x00000006e9c00000, 0x00000006e9c00000, 0x00000006ea000000|  0%| F|  |TAMS 0x00000006e9c00000, 0x00000006e9c00000| Untracked 
|  22|0x00000006ea000000, 0x00000006ea400000, 0x00000006ea400000|100%| O|  |TAMS 0x00000006ea400000, 0x00000006ea000000| Untracked 
|  23|0x00000006ea400000, 0x00000006ea800000, 0x00000006ea800000|100%| O|  |TAMS 0x00000006ea800000, 0x00000006ea400000| Untracked 
|  24|0x00000006ea800000, 0x00000006eac00000, 0x00000006eac00000|100%| O|  |TAMS 0x00000006eac00000, 0x00000006ea800000| Untracked 
|  25|0x00000006eac00000, 0x00000006eac00000, 0x00000006eb000000|  0%| F|  |TAMS 0x00000006eac00000, 0x00000006eac00000| Untracked 
|  26|0x00000006eb000000, 0x00000006eb400000, 0x00000006eb400000|100%| O|  |TAMS 0x00000006eb400000, 0x00000006eb000000| Untracked 
|  27|0x00000006eb400000, 0x00000006eb800000, 0x00000006eb800000|100%| O|  |TAMS 0x00000006eb800000, 0x00000006eb400000| Untracked 
|  28|0x00000006eb800000, 0x00000006ebc00000, 0x00000006ebc00000|100%| O|  |TAMS 0x00000006eb904800, 0x00000006eb800000| Untracked 
|  29|0x00000006ebc00000, 0x00000006ebc00000, 0x00000006ec000000|  0%| F|  |TAMS 0x00000006ebc00000, 0x00000006ebc00000| Untracked 
|  30|0x00000006ec000000, 0x00000006ec000000, 0x00000006ec400000|  0%| F|  |TAMS 0x00000006ec000000, 0x00000006ec000000| Untracked 
|  31|0x00000006ec400000, 0x00000006ec400000, 0x00000006ec800000|  0%| F|  |TAMS 0x00000006ec400000, 0x00000006ec400000| Untracked 
|  32|0x00000006ec800000, 0x00000006ec800000, 0x00000006ecc00000|  0%| F|  |TAMS 0x00000006ec800000, 0x00000006ec800000| Untracked 
|  33|0x00000006ecc00000, 0x00000006ecc00000, 0x00000006ed000000|  0%| F|  |TAMS 0x00000006ecc00000, 0x00000006ecc00000| Untracked 
|  34|0x00000006ed000000, 0x00000006ed000000, 0x00000006ed400000|  0%| F|  |TAMS 0x00000006ed000000, 0x00000006ed000000| Untracked 
|  35|0x00000006ed400000, 0x00000006ed400000, 0x00000006ed800000|  0%| F|  |TAMS 0x00000006ed400000, 0x00000006ed400000| Untracked 
|  36|0x00000006ed800000, 0x00000006ed800000, 0x00000006edc00000|  0%| F|  |TAMS 0x00000006ed800000, 0x00000006ed800000| Untracked 
|  37|0x00000006edc00000, 0x00000006edc00000, 0x00000006ee000000|  0%| F|  |TAMS 0x00000006edc00000, 0x00000006edc00000| Untracked 
|  38|0x00000006ee000000, 0x00000006ee000000, 0x00000006ee400000|  0%| F|  |TAMS 0x00000006ee000000, 0x00000006ee000000| Untracked 
|  39|0x00000006ee400000, 0x00000006ee400000, 0x00000006ee800000|  0%| F|  |TAMS 0x00000006ee400000, 0x00000006ee400000| Untracked 
|  40|0x00000006ee800000, 0x00000006ee800000, 0x00000006eec00000|  0%| F|  |TAMS 0x00000006ee800000, 0x00000006ee800000| Untracked 
|  41|0x00000006eec00000, 0x00000006eec00000, 0x00000006ef000000|  0%| F|  |TAMS 0x00000006eec00000, 0x00000006eec00000| Untracked 
|  42|0x00000006ef000000, 0x00000006ef000000, 0x00000006ef400000|  0%| F|  |TAMS 0x00000006ef000000, 0x00000006ef000000| Untracked 
|  43|0x00000006ef400000, 0x00000006ef400000, 0x00000006ef800000|  0%| F|  |TAMS 0x00000006ef400000, 0x00000006ef400000| Untracked 
|  44|0x00000006ef800000, 0x00000006ef800000, 0x00000006efc00000|  0%| F|  |TAMS 0x00000006ef800000, 0x00000006ef800000| Untracked 
|  45|0x00000006efc00000, 0x00000006efc00000, 0x00000006f0000000|  0%| F|  |TAMS 0x00000006efc00000, 0x00000006efc00000| Untracked 
|  46|0x00000006f0000000, 0x00000006f0000000, 0x00000006f0400000|  0%| F|  |TAMS 0x00000006f0000000, 0x00000006f0000000| Untracked 
|  47|0x00000006f0400000, 0x00000006f0400000, 0x00000006f0800000|  0%| F|  |TAMS 0x00000006f0400000, 0x00000006f0400000| Untracked 
|  48|0x00000006f0800000, 0x00000006f0800000, 0x00000006f0c00000|  0%| F|  |TAMS 0x00000006f0800000, 0x00000006f0800000| Untracked 
|  49|0x00000006f0c00000, 0x00000006f0c00000, 0x00000006f1000000|  0%| F|  |TAMS 0x00000006f0c00000, 0x00000006f0c00000| Untracked 
|  50|0x00000006f1000000, 0x00000006f1000000, 0x00000006f1400000|  0%| F|  |TAMS 0x00000006f1000000, 0x00000006f1000000| Untracked 
|  51|0x00000006f1400000, 0x00000006f1400000, 0x00000006f1800000|  0%| F|  |TAMS 0x00000006f1400000, 0x00000006f1400000| Untracked 
|  52|0x00000006f1800000, 0x00000006f1800000, 0x00000006f1c00000|  0%| F|  |TAMS 0x00000006f1800000, 0x00000006f1800000| Untracked 
|  53|0x00000006f1c00000, 0x00000006f1c00000, 0x00000006f2000000|  0%| F|  |TAMS 0x00000006f1c00000, 0x00000006f1c00000| Untracked 
|  54|0x00000006f2000000, 0x00000006f20f0e00, 0x00000006f2400000| 23%| O|  |TAMS 0x00000006f2000000, 0x00000006f2000000| Untracked 
|  55|0x00000006f2400000, 0x00000006f2400000, 0x00000006f2800000|  0%| F|  |TAMS 0x00000006f2400000, 0x00000006f2400000| Untracked 
|  56|0x00000006f2800000, 0x00000006f2800000, 0x00000006f2c00000|  0%| F|  |TAMS 0x00000006f2800000, 0x00000006f2800000| Untracked 
|  57|0x00000006f2c00000, 0x00000006f2c00000, 0x00000006f3000000|  0%| F|  |TAMS 0x00000006f2c00000, 0x00000006f2c00000| Untracked 
|  58|0x00000006f3000000, 0x00000006f3400000, 0x00000006f3400000|100%| O|  |TAMS 0x00000006f3000000, 0x00000006f3000000| Untracked 
|  59|0x00000006f3400000, 0x00000006f3400000, 0x00000006f3800000|  0%| F|  |TAMS 0x00000006f3400000, 0x00000006f3400000| Untracked 
|  60|0x00000006f3800000, 0x00000006f3800000, 0x00000006f3c00000|  0%| F|  |TAMS 0x00000006f3800000, 0x00000006f3800000| Untracked 
|  61|0x00000006f3c00000, 0x00000006f3c00000, 0x00000006f4000000|  0%| F|  |TAMS 0x00000006f3c00000, 0x00000006f3c00000| Untracked 
|  62|0x00000006f4000000, 0x00000006f4000000, 0x00000006f4400000|  0%| F|  |TAMS 0x00000006f4000000, 0x00000006f4000000| Untracked 
|  63|0x00000006f4400000, 0x00000006f4400000, 0x00000006f4800000|  0%| F|  |TAMS 0x00000006f4400000, 0x00000006f4400000| Untracked 
|  64|0x00000006f4800000, 0x00000006f4800000, 0x00000006f4c00000|  0%| F|  |TAMS 0x00000006f4800000, 0x00000006f4800000| Untracked 
|  65|0x00000006f4c00000, 0x00000006f4c00000, 0x00000006f5000000|  0%| F|  |TAMS 0x00000006f4c00000, 0x00000006f4c00000| Untracked 
|  66|0x00000006f5000000, 0x00000006f5000000, 0x00000006f5400000|  0%| F|  |TAMS 0x00000006f5000000, 0x00000006f5000000| Untracked 
|  67|0x00000006f5400000, 0x00000006f5400000, 0x00000006f5800000|  0%| F|  |TAMS 0x00000006f5400000, 0x00000006f5400000| Untracked 
|  68|0x00000006f5800000, 0x00000006f5800000, 0x00000006f5c00000|  0%| F|  |TAMS 0x00000006f5800000, 0x00000006f5800000| Untracked 
|  69|0x00000006f5c00000, 0x00000006f5c00000, 0x00000006f6000000|  0%| F|  |TAMS 0x00000006f5c00000, 0x00000006f5c00000| Untracked 
|  70|0x00000006f6000000, 0x00000006f6000000, 0x00000006f6400000|  0%| F|  |TAMS 0x00000006f6000000, 0x00000006f6000000| Untracked 
|  71|0x00000006f6400000, 0x00000006f6400000, 0x00000006f6800000|  0%| F|  |TAMS 0x00000006f6400000, 0x00000006f6400000| Untracked 
|  72|0x00000006f6800000, 0x00000006f6800000, 0x00000006f6c00000|  0%| F|  |TAMS 0x00000006f6800000, 0x00000006f6800000| Untracked 
|  73|0x00000006f6c00000, 0x00000006f6c00000, 0x00000006f7000000|  0%| F|  |TAMS 0x00000006f6c00000, 0x00000006f6c00000| Untracked 
|  74|0x00000006f7000000, 0x00000006f7000000, 0x00000006f7400000|  0%| F|  |TAMS 0x00000006f7000000, 0x00000006f7000000| Untracked 
|  75|0x00000006f7400000, 0x00000006f7400000, 0x00000006f7800000|  0%| F|  |TAMS 0x00000006f7400000, 0x00000006f7400000| Untracked 
|  76|0x00000006f7800000, 0x00000006f7800000, 0x00000006f7c00000|  0%| F|  |TAMS 0x00000006f7800000, 0x00000006f7800000| Untracked 
|  77|0x00000006f7c00000, 0x00000006f7c00000, 0x00000006f8000000|  0%| F|  |TAMS 0x00000006f7c00000, 0x00000006f7c00000| Untracked 
|  78|0x00000006f8000000, 0x00000006f8000000, 0x00000006f8400000|  0%| F|  |TAMS 0x00000006f8000000, 0x00000006f8000000| Untracked 
|  79|0x00000006f8400000, 0x00000006f8400000, 0x00000006f8800000|  0%| F|  |TAMS 0x00000006f8400000, 0x00000006f8400000| Untracked 
|  80|0x00000006f8800000, 0x00000006f8800000, 0x00000006f8c00000|  0%| F|  |TAMS 0x00000006f8800000, 0x00000006f8800000| Untracked 
|  81|0x00000006f8c00000, 0x00000006f8c00000, 0x00000006f9000000|  0%| F|  |TAMS 0x00000006f8c00000, 0x00000006f8c00000| Untracked 
|  82|0x00000006f9000000, 0x00000006f9000000, 0x00000006f9400000|  0%| F|  |TAMS 0x00000006f9000000, 0x00000006f9000000| Untracked 
|  83|0x00000006f9400000, 0x00000006f9588c88, 0x00000006f9800000| 38%| S|CS|TAMS 0x00000006f9400000, 0x00000006f9400000| Complete 
|  84|0x00000006f9800000, 0x00000006f9c00000, 0x00000006f9c00000|100%| S|CS|TAMS 0x00000006f9800000, 0x00000006f9800000| Complete 
|  85|0x00000006f9c00000, 0x00000006f9c00000, 0x00000006fa000000|  0%| F|  |TAMS 0x00000006f9c00000, 0x00000006f9c00000| Untracked 
|  86|0x00000006fa000000, 0x00000006fa000000, 0x00000006fa400000|  0%| F|  |TAMS 0x00000006fa000000, 0x00000006fa000000| Untracked 
|  87|0x00000006fa400000, 0x00000006fa400000, 0x00000006fa800000|  0%| F|  |TAMS 0x00000006fa400000, 0x00000006fa400000| Untracked 
|  88|0x00000006fa800000, 0x00000006fa800000, 0x00000006fac00000|  0%| F|  |TAMS 0x00000006fa800000, 0x00000006fa800000| Untracked 
|  89|0x00000006fac00000, 0x00000006fac00000, 0x00000006fb000000|  0%| F|  |TAMS 0x00000006fac00000, 0x00000006fac00000| Untracked 
|  90|0x00000006fb000000, 0x00000006fb000000, 0x00000006fb400000|  0%| F|  |TAMS 0x00000006fb000000, 0x00000006fb000000| Untracked 
|  91|0x00000006fb400000, 0x00000006fb400000, 0x00000006fb800000|  0%| F|  |TAMS 0x00000006fb400000, 0x00000006fb400000| Untracked 
|  92|0x00000006fb800000, 0x00000006fb800000, 0x00000006fbc00000|  0%| F|  |TAMS 0x00000006fb800000, 0x00000006fb800000| Untracked 
|  93|0x00000006fbc00000, 0x00000006fbc00000, 0x00000006fc000000|  0%| F|  |TAMS 0x00000006fbc00000, 0x00000006fbc00000| Untracked 
|  94|0x00000006fc000000, 0x00000006fc000000, 0x00000006fc400000|  0%| F|  |TAMS 0x00000006fc000000, 0x00000006fc000000| Untracked 
|  95|0x00000006fc400000, 0x00000006fc400000, 0x00000006fc800000|  0%| F|  |TAMS 0x00000006fc400000, 0x00000006fc400000| Untracked 
|  96|0x00000006fc800000, 0x00000006fc800000, 0x00000006fcc00000|  0%| F|  |TAMS 0x00000006fc800000, 0x00000006fc800000| Untracked 
|  97|0x00000006fcc00000, 0x00000006fcc00000, 0x00000006fd000000|  0%| F|  |TAMS 0x00000006fcc00000, 0x00000006fcc00000| Untracked 
|  98|0x00000006fd000000, 0x00000006fd000000, 0x00000006fd400000|  0%| F|  |TAMS 0x00000006fd000000, 0x00000006fd000000| Untracked 
|  99|0x00000006fd400000, 0x00000006fd400000, 0x00000006fd800000|  0%| F|  |TAMS 0x00000006fd400000, 0x00000006fd400000| Untracked 
| 100|0x00000006fd800000, 0x00000006fd800000, 0x00000006fdc00000|  0%| F|  |TAMS 0x00000006fd800000, 0x00000006fd800000| Untracked 
| 101|0x00000006fdc00000, 0x00000006fdc00000, 0x00000006fe000000|  0%| F|  |TAMS 0x00000006fdc00000, 0x00000006fdc00000| Untracked 
| 102|0x00000006fe000000, 0x00000006fe000000, 0x00000006fe400000|  0%| F|  |TAMS 0x00000006fe000000, 0x00000006fe000000| Untracked 
| 103|0x00000006fe400000, 0x00000006fe400000, 0x00000006fe800000|  0%| F|  |TAMS 0x00000006fe400000, 0x00000006fe400000| Untracked 
| 104|0x00000006fe800000, 0x00000006fe800000, 0x00000006fec00000|  0%| F|  |TAMS 0x00000006fe800000, 0x00000006fe800000| Untracked 
| 105|0x00000006fec00000, 0x00000006fec00000, 0x00000006ff000000|  0%| F|  |TAMS 0x00000006fec00000, 0x00000006fec00000| Untracked 
| 106|0x00000006ff000000, 0x00000006ff000000, 0x00000006ff400000|  0%| F|  |TAMS 0x00000006ff000000, 0x00000006ff000000| Untracked 
| 107|0x00000006ff400000, 0x00000006ff400000, 0x00000006ff800000|  0%| F|  |TAMS 0x00000006ff400000, 0x00000006ff400000| Untracked 
| 108|0x00000006ff800000, 0x00000006ff800000, 0x00000006ffc00000|  0%| F|  |TAMS 0x00000006ff800000, 0x00000006ff800000| Untracked 
| 109|0x00000006ffc00000, 0x00000006ffc00000, 0x0000000700000000|  0%| F|  |TAMS 0x00000006ffc00000, 0x00000006ffc00000| Untracked 
| 110|0x0000000700000000, 0x0000000700000000, 0x0000000700400000|  0%| F|  |TAMS 0x0000000700000000, 0x0000000700000000| Untracked 
| 111|0x0000000700400000, 0x0000000700400000, 0x0000000700800000|  0%| F|  |TAMS 0x0000000700400000, 0x0000000700400000| Untracked 
| 112|0x0000000700800000, 0x0000000700800000, 0x0000000700c00000|  0%| F|  |TAMS 0x0000000700800000, 0x0000000700800000| Untracked 
| 113|0x0000000700c00000, 0x0000000700c00000, 0x0000000701000000|  0%| F|  |TAMS 0x0000000700c00000, 0x0000000700c00000| Untracked 
| 114|0x0000000701000000, 0x0000000701000000, 0x0000000701400000|  0%| F|  |TAMS 0x0000000701000000, 0x0000000701000000| Untracked 
| 115|0x0000000701400000, 0x0000000701400000, 0x0000000701800000|  0%| F|  |TAMS 0x0000000701400000, 0x0000000701400000| Untracked 
| 116|0x0000000701800000, 0x0000000701800000, 0x0000000701c00000|  0%| F|  |TAMS 0x0000000701800000, 0x0000000701800000| Untracked 
| 117|0x0000000701c00000, 0x0000000701c00000, 0x0000000702000000|  0%| F|  |TAMS 0x0000000701c00000, 0x0000000701c00000| Untracked 
| 118|0x0000000702000000, 0x0000000702000000, 0x0000000702400000|  0%| F|  |TAMS 0x0000000702000000, 0x0000000702000000| Untracked 
| 119|0x0000000702400000, 0x0000000702400000, 0x0000000702800000|  0%| F|  |TAMS 0x0000000702400000, 0x0000000702400000| Untracked 
| 120|0x0000000702800000, 0x0000000702800000, 0x0000000702c00000|  0%| F|  |TAMS 0x0000000702800000, 0x0000000702800000| Untracked 
| 121|0x0000000702c00000, 0x0000000702c00000, 0x0000000703000000|  0%| F|  |TAMS 0x0000000702c00000, 0x0000000702c00000| Untracked 
| 122|0x0000000703000000, 0x0000000703000000, 0x0000000703400000|  0%| F|  |TAMS 0x0000000703000000, 0x0000000703000000| Untracked 
| 123|0x0000000703400000, 0x0000000703400000, 0x0000000703800000|  0%| F|  |TAMS 0x0000000703400000, 0x0000000703400000| Untracked 
| 124|0x0000000703800000, 0x0000000703800000, 0x0000000703c00000|  0%| F|  |TAMS 0x0000000703800000, 0x0000000703800000| Untracked 
| 125|0x0000000703c00000, 0x0000000703c00000, 0x0000000704000000|  0%| F|  |TAMS 0x0000000703c00000, 0x0000000703c00000| Untracked 
| 126|0x0000000704000000, 0x0000000704000000, 0x0000000704400000|  0%| F|  |TAMS 0x0000000704000000, 0x0000000704000000| Untracked 
| 127|0x0000000704400000, 0x0000000704400000, 0x0000000704800000|  0%| F|  |TAMS 0x0000000704400000, 0x0000000704400000| Untracked 
| 128|0x0000000704800000, 0x0000000704800000, 0x0000000704c00000|  0%| F|  |TAMS 0x0000000704800000, 0x0000000704800000| Untracked 
| 129|0x0000000704c00000, 0x0000000704c00000, 0x0000000705000000|  0%| F|  |TAMS 0x0000000704c00000, 0x0000000704c00000| Untracked 
| 130|0x0000000705000000, 0x0000000705000000, 0x0000000705400000|  0%| F|  |TAMS 0x0000000705000000, 0x0000000705000000| Untracked 
| 131|0x0000000705400000, 0x0000000705400000, 0x0000000705800000|  0%| F|  |TAMS 0x0000000705400000, 0x0000000705400000| Untracked 
| 132|0x0000000705800000, 0x0000000705800000, 0x0000000705c00000|  0%| F|  |TAMS 0x0000000705800000, 0x0000000705800000| Untracked 
| 133|0x0000000705c00000, 0x0000000705c00000, 0x0000000706000000|  0%| F|  |TAMS 0x0000000705c00000, 0x0000000705c00000| Untracked 
| 134|0x0000000706000000, 0x0000000706000000, 0x0000000706400000|  0%| F|  |TAMS 0x0000000706000000, 0x0000000706000000| Untracked 
| 135|0x0000000706400000, 0x0000000706400000, 0x0000000706800000|  0%| F|  |TAMS 0x0000000706400000, 0x0000000706400000| Untracked 
| 136|0x0000000706800000, 0x0000000706800000, 0x0000000706c00000|  0%| F|  |TAMS 0x0000000706800000, 0x0000000706800000| Untracked 
| 137|0x0000000706c00000, 0x0000000706c00000, 0x0000000707000000|  0%| F|  |TAMS 0x0000000706c00000, 0x0000000706c00000| Untracked 
| 138|0x0000000707000000, 0x0000000707000000, 0x0000000707400000|  0%| F|  |TAMS 0x0000000707000000, 0x0000000707000000| Untracked 
| 139|0x0000000707400000, 0x0000000707400000, 0x0000000707800000|  0%| F|  |TAMS 0x0000000707400000, 0x0000000707400000| Untracked 
| 140|0x0000000707800000, 0x0000000707800000, 0x0000000707c00000|  0%| F|  |TAMS 0x0000000707800000, 0x0000000707800000| Untracked 
| 141|0x0000000707c00000, 0x0000000707c00000, 0x0000000708000000|  0%| F|  |TAMS 0x0000000707c00000, 0x0000000707c00000| Untracked 
| 142|0x0000000708000000, 0x00000007083b0858, 0x0000000708400000| 92%| E|  |TAMS 0x0000000708000000, 0x0000000708000000| Complete 
| 143|0x0000000708400000, 0x0000000708800000, 0x0000000708800000|100%| E|CS|TAMS 0x0000000708400000, 0x0000000708400000| Complete 
| 144|0x0000000708800000, 0x0000000708c00000, 0x0000000708c00000|100%| E|CS|TAMS 0x0000000708800000, 0x0000000708800000| Complete 
| 145|0x0000000708c00000, 0x0000000709000000, 0x0000000709000000|100%| E|CS|TAMS 0x0000000708c00000, 0x0000000708c00000| Complete 
| 146|0x0000000709000000, 0x0000000709400000, 0x0000000709400000|100%| E|CS|TAMS 0x0000000709000000, 0x0000000709000000| Complete 
| 147|0x0000000709400000, 0x0000000709800000, 0x0000000709800000|100%| E|CS|TAMS 0x0000000709400000, 0x0000000709400000| Complete 
| 148|0x0000000709800000, 0x0000000709c00000, 0x0000000709c00000|100%| E|CS|TAMS 0x0000000709800000, 0x0000000709800000| Complete 
| 149|0x0000000709c00000, 0x000000070a000000, 0x000000070a000000|100%| E|CS|TAMS 0x0000000709c00000, 0x0000000709c00000| Complete 
| 150|0x000000070a000000, 0x000000070a400000, 0x000000070a400000|100%| E|CS|TAMS 0x000000070a000000, 0x000000070a000000| Complete 
| 151|0x000000070a400000, 0x000000070a800000, 0x000000070a800000|100%| E|CS|TAMS 0x000000070a400000, 0x000000070a400000| Complete 
| 152|0x000000070a800000, 0x000000070ac00000, 0x000000070ac00000|100%| E|CS|TAMS 0x000000070a800000, 0x000000070a800000| Complete 
| 153|0x000000070ac00000, 0x000000070b000000, 0x000000070b000000|100%| E|CS|TAMS 0x000000070ac00000, 0x000000070ac00000| Complete 
| 154|0x000000070b000000, 0x000000070b400000, 0x000000070b400000|100%| E|CS|TAMS 0x000000070b000000, 0x000000070b000000| Complete 
| 155|0x000000070b400000, 0x000000070b800000, 0x000000070b800000|100%| E|CS|TAMS 0x000000070b400000, 0x000000070b400000| Complete 
| 156|0x000000070b800000, 0x000000070bc00000, 0x000000070bc00000|100%| E|CS|TAMS 0x000000070b800000, 0x000000070b800000| Complete 
| 157|0x000000070bc00000, 0x000000070c000000, 0x000000070c000000|100%| E|CS|TAMS 0x000000070bc00000, 0x000000070bc00000| Complete 
| 158|0x000000070c000000, 0x000000070c400000, 0x000000070c400000|100%| E|CS|TAMS 0x000000070c000000, 0x000000070c000000| Complete 
| 159|0x000000070c400000, 0x000000070c800000, 0x000000070c800000|100%| E|CS|TAMS 0x000000070c400000, 0x000000070c400000| Complete 
| 160|0x000000070c800000, 0x000000070cc00000, 0x000000070cc00000|100%| E|CS|TAMS 0x000000070c800000, 0x000000070c800000| Complete 
| 161|0x000000070cc00000, 0x000000070d000000, 0x000000070d000000|100%| E|CS|TAMS 0x000000070cc00000, 0x000000070cc00000| Complete 
| 162|0x000000070d000000, 0x000000070d400000, 0x000000070d400000|100%| E|CS|TAMS 0x000000070d000000, 0x000000070d000000| Complete 
| 163|0x000000070d400000, 0x000000070d800000, 0x000000070d800000|100%| E|CS|TAMS 0x000000070d400000, 0x000000070d400000| Complete 
| 164|0x000000070d800000, 0x000000070dc00000, 0x000000070dc00000|100%| E|CS|TAMS 0x000000070d800000, 0x000000070d800000| Complete 
| 165|0x000000070dc00000, 0x000000070e000000, 0x000000070e000000|100%| E|CS|TAMS 0x000000070dc00000, 0x000000070dc00000| Complete 
| 166|0x000000070e000000, 0x000000070e400000, 0x000000070e400000|100%| E|CS|TAMS 0x000000070e000000, 0x000000070e000000| Complete 
| 167|0x000000070e400000, 0x000000070e800000, 0x000000070e800000|100%| E|CS|TAMS 0x000000070e400000, 0x000000070e400000| Complete 
| 168|0x000000070e800000, 0x000000070ec00000, 0x000000070ec00000|100%| E|CS|TAMS 0x000000070e800000, 0x000000070e800000| Complete 
| 169|0x000000070ec00000, 0x000000070f000000, 0x000000070f000000|100%| E|CS|TAMS 0x000000070ec00000, 0x000000070ec00000| Complete 
| 170|0x000000070f000000, 0x000000070f400000, 0x000000070f400000|100%| E|CS|TAMS 0x000000070f000000, 0x000000070f000000| Complete 
| 171|0x000000070f400000, 0x000000070f800000, 0x000000070f800000|100%| E|CS|TAMS 0x000000070f400000, 0x000000070f400000| Complete 
| 172|0x000000070f800000, 0x000000070fc00000, 0x000000070fc00000|100%| E|CS|TAMS 0x000000070f800000, 0x000000070f800000| Complete 
| 173|0x000000070fc00000, 0x0000000710000000, 0x0000000710000000|100%| E|CS|TAMS 0x000000070fc00000, 0x000000070fc00000| Complete 
| 174|0x0000000710000000, 0x0000000710400000, 0x0000000710400000|100%| E|CS|TAMS 0x0000000710000000, 0x0000000710000000| Complete 
| 175|0x0000000710400000, 0x0000000710800000, 0x0000000710800000|100%| E|CS|TAMS 0x0000000710400000, 0x0000000710400000| Complete 
| 176|0x0000000710800000, 0x0000000710c00000, 0x0000000710c00000|100%| E|CS|TAMS 0x0000000710800000, 0x0000000710800000| Complete 
| 177|0x0000000710c00000, 0x0000000711000000, 0x0000000711000000|100%| E|CS|TAMS 0x0000000710c00000, 0x0000000710c00000| Complete 
| 178|0x0000000711000000, 0x0000000711400000, 0x0000000711400000|100%| E|CS|TAMS 0x0000000711000000, 0x0000000711000000| Complete 
| 179|0x0000000711400000, 0x0000000711800000, 0x0000000711800000|100%| E|CS|TAMS 0x0000000711400000, 0x0000000711400000| Complete 
| 180|0x0000000711800000, 0x0000000711c00000, 0x0000000711c00000|100%| E|CS|TAMS 0x0000000711800000, 0x0000000711800000| Complete 
| 181|0x0000000711c00000, 0x0000000712000000, 0x0000000712000000|100%| E|CS|TAMS 0x0000000711c00000, 0x0000000711c00000| Complete 
| 182|0x0000000712000000, 0x0000000712400000, 0x0000000712400000|100%| E|CS|TAMS 0x0000000712000000, 0x0000000712000000| Complete 
| 183|0x0000000712400000, 0x0000000712800000, 0x0000000712800000|100%| E|CS|TAMS 0x0000000712400000, 0x0000000712400000| Complete 
| 184|0x0000000712800000, 0x0000000712c00000, 0x0000000712c00000|100%| E|CS|TAMS 0x0000000712800000, 0x0000000712800000| Complete 
| 185|0x0000000712c00000, 0x0000000713000000, 0x0000000713000000|100%| E|CS|TAMS 0x0000000712c00000, 0x0000000712c00000| Complete 
| 186|0x0000000713000000, 0x0000000713400000, 0x0000000713400000|100%| E|CS|TAMS 0x0000000713000000, 0x0000000713000000| Complete 
| 187|0x0000000713400000, 0x0000000713800000, 0x0000000713800000|100%| E|CS|TAMS 0x0000000713400000, 0x0000000713400000| Complete 
| 188|0x0000000713800000, 0x0000000713c00000, 0x0000000713c00000|100%| E|CS|TAMS 0x0000000713800000, 0x0000000713800000| Complete 
| 189|0x0000000713c00000, 0x0000000714000000, 0x0000000714000000|100%| E|CS|TAMS 0x0000000713c00000, 0x0000000713c00000| Complete 
| 190|0x0000000714000000, 0x0000000714400000, 0x0000000714400000|100%| E|CS|TAMS 0x0000000714000000, 0x0000000714000000| Complete 
| 191|0x0000000714400000, 0x0000000714800000, 0x0000000714800000|100%| E|  |TAMS 0x0000000714400000, 0x0000000714400000| Complete 
| 192|0x0000000714800000, 0x0000000714c00000, 0x0000000714c00000|100%| E|CS|TAMS 0x0000000714800000, 0x0000000714800000| Complete 
| 193|0x0000000714c00000, 0x0000000715000000, 0x0000000715000000|100%| E|CS|TAMS 0x0000000714c00000, 0x0000000714c00000| Complete 
| 194|0x0000000715000000, 0x0000000715400000, 0x0000000715400000|100%| E|CS|TAMS 0x0000000715000000, 0x0000000715000000| Complete 
| 195|0x0000000715400000, 0x0000000715800000, 0x0000000715800000|100%| E|CS|TAMS 0x0000000715400000, 0x0000000715400000| Complete 
| 196|0x0000000715800000, 0x0000000715c00000, 0x0000000715c00000|100%| E|CS|TAMS 0x0000000715800000, 0x0000000715800000| Complete 
| 197|0x0000000715c00000, 0x0000000716000000, 0x0000000716000000|100%| E|CS|TAMS 0x0000000715c00000, 0x0000000715c00000| Complete 
| 198|0x0000000716000000, 0x0000000716400000, 0x0000000716400000|100%| E|CS|TAMS 0x0000000716000000, 0x0000000716000000| Complete 
| 199|0x0000000716400000, 0x0000000716800000, 0x0000000716800000|100%| E|CS|TAMS 0x0000000716400000, 0x0000000716400000| Complete 
| 200|0x0000000716800000, 0x0000000716c00000, 0x0000000716c00000|100%| E|CS|TAMS 0x0000000716800000, 0x0000000716800000| Complete 
| 201|0x0000000716c00000, 0x0000000717000000, 0x0000000717000000|100%| E|CS|TAMS 0x0000000716c00000, 0x0000000716c00000| Complete 
| 202|0x0000000717000000, 0x0000000717400000, 0x0000000717400000|100%| E|CS|TAMS 0x0000000717000000, 0x0000000717000000| Complete 
| 203|0x0000000717400000, 0x0000000717800000, 0x0000000717800000|100%| E|CS|TAMS 0x0000000717400000, 0x0000000717400000| Complete 
| 204|0x0000000717800000, 0x0000000717c00000, 0x0000000717c00000|100%| E|CS|TAMS 0x0000000717800000, 0x0000000717800000| Complete 
| 205|0x0000000717c00000, 0x0000000718000000, 0x0000000718000000|100%| E|CS|TAMS 0x0000000717c00000, 0x0000000717c00000| Complete 
| 206|0x0000000718000000, 0x0000000718400000, 0x0000000718400000|100%| E|CS|TAMS 0x0000000718000000, 0x0000000718000000| Complete 
| 207|0x0000000718400000, 0x0000000718800000, 0x0000000718800000|100%| E|CS|TAMS 0x0000000718400000, 0x0000000718400000| Complete 
| 208|0x0000000718800000, 0x0000000718c00000, 0x0000000718c00000|100%| E|CS|TAMS 0x0000000718800000, 0x0000000718800000| Complete 
| 209|0x0000000718c00000, 0x0000000719000000, 0x0000000719000000|100%| E|CS|TAMS 0x0000000718c00000, 0x0000000718c00000| Complete 
| 210|0x0000000719000000, 0x0000000719400000, 0x0000000719400000|100%| E|CS|TAMS 0x0000000719000000, 0x0000000719000000| Complete 
| 211|0x0000000719400000, 0x0000000719800000, 0x0000000719800000|100%| E|CS|TAMS 0x0000000719400000, 0x0000000719400000| Complete 
| 212|0x0000000719800000, 0x0000000719c00000, 0x0000000719c00000|100%| E|CS|TAMS 0x0000000719800000, 0x0000000719800000| Complete 
| 213|0x0000000719c00000, 0x000000071a000000, 0x000000071a000000|100%| E|CS|TAMS 0x0000000719c00000, 0x0000000719c00000| Complete 
| 214|0x000000071a000000, 0x000000071a400000, 0x000000071a400000|100%| E|CS|TAMS 0x000000071a000000, 0x000000071a000000| Complete 
| 215|0x000000071a400000, 0x000000071a800000, 0x000000071a800000|100%| E|CS|TAMS 0x000000071a400000, 0x000000071a400000| Complete 
| 216|0x000000071a800000, 0x000000071ac00000, 0x000000071ac00000|100%| E|CS|TAMS 0x000000071a800000, 0x000000071a800000| Complete 
| 217|0x000000071ac00000, 0x000000071b000000, 0x000000071b000000|100%| E|CS|TAMS 0x000000071ac00000, 0x000000071ac00000| Complete 
| 218|0x000000071b000000, 0x000000071b400000, 0x000000071b400000|100%| E|CS|TAMS 0x000000071b000000, 0x000000071b000000| Complete 
| 219|0x000000071b400000, 0x000000071b800000, 0x000000071b800000|100%| E|CS|TAMS 0x000000071b400000, 0x000000071b400000| Complete 
| 220|0x000000071b800000, 0x000000071bc00000, 0x000000071bc00000|100%| E|CS|TAMS 0x000000071b800000, 0x000000071b800000| Complete 
| 221|0x000000071bc00000, 0x000000071c000000, 0x000000071c000000|100%| E|CS|TAMS 0x000000071bc00000, 0x000000071bc00000| Complete 
| 222|0x000000071c000000, 0x000000071c400000, 0x000000071c400000|100%| E|CS|TAMS 0x000000071c000000, 0x000000071c000000| Complete 
| 223|0x000000071c400000, 0x000000071c800000, 0x000000071c800000|100%| E|CS|TAMS 0x000000071c400000, 0x000000071c400000| Complete 
| 224|0x000000071c800000, 0x000000071cc00000, 0x000000071cc00000|100%| E|CS|TAMS 0x000000071c800000, 0x000000071c800000| Complete 
| 225|0x000000071cc00000, 0x000000071d000000, 0x000000071d000000|100%| E|CS|TAMS 0x000000071cc00000, 0x000000071cc00000| Complete 
| 226|0x000000071d000000, 0x000000071d400000, 0x000000071d400000|100%| E|CS|TAMS 0x000000071d000000, 0x000000071d000000| Complete 
| 227|0x000000071d400000, 0x000000071d800000, 0x000000071d800000|100%| E|CS|TAMS 0x000000071d400000, 0x000000071d400000| Complete 
| 228|0x000000071d800000, 0x000000071dc00000, 0x000000071dc00000|100%| E|CS|TAMS 0x000000071d800000, 0x000000071d800000| Complete 
| 229|0x000000071dc00000, 0x000000071e000000, 0x000000071e000000|100%| E|CS|TAMS 0x000000071dc00000, 0x000000071dc00000| Complete 
| 230|0x000000071e000000, 0x000000071e400000, 0x000000071e400000|100%| E|CS|TAMS 0x000000071e000000, 0x000000071e000000| Complete 
| 231|0x000000071e400000, 0x000000071e800000, 0x000000071e800000|100%| E|CS|TAMS 0x000000071e400000, 0x000000071e400000| Complete 
| 232|0x000000071e800000, 0x000000071ec00000, 0x000000071ec00000|100%| E|CS|TAMS 0x000000071e800000, 0x000000071e800000| Complete 
| 233|0x000000071ec00000, 0x000000071f000000, 0x000000071f000000|100%| E|CS|TAMS 0x000000071ec00000, 0x000000071ec00000| Complete 
| 234|0x000000071f000000, 0x000000071f400000, 0x000000071f400000|100%| E|CS|TAMS 0x000000071f000000, 0x000000071f000000| Complete 
| 235|0x000000071f400000, 0x000000071f800000, 0x000000071f800000|100%| E|CS|TAMS 0x000000071f400000, 0x000000071f400000| Complete 
| 236|0x000000071f800000, 0x000000071fc00000, 0x000000071fc00000|100%| E|CS|TAMS 0x000000071f800000, 0x000000071f800000| Complete 
| 237|0x000000071fc00000, 0x0000000720000000, 0x0000000720000000|100%| E|CS|TAMS 0x000000071fc00000, 0x000000071fc00000| Complete 
| 238|0x0000000720000000, 0x0000000720400000, 0x0000000720400000|100%| E|CS|TAMS 0x0000000720000000, 0x0000000720000000| Complete 
| 239|0x0000000720400000, 0x0000000720800000, 0x0000000720800000|100%| E|CS|TAMS 0x0000000720400000, 0x0000000720400000| Complete 
| 240|0x0000000720800000, 0x0000000720c00000, 0x0000000720c00000|100%| E|CS|TAMS 0x0000000720800000, 0x0000000720800000| Complete 
| 241|0x0000000720c00000, 0x0000000721000000, 0x0000000721000000|100%| E|CS|TAMS 0x0000000720c00000, 0x0000000720c00000| Complete 
| 242|0x0000000721000000, 0x0000000721400000, 0x0000000721400000|100%| E|CS|TAMS 0x0000000721000000, 0x0000000721000000| Complete 
| 243|0x0000000721400000, 0x0000000721800000, 0x0000000721800000|100%| E|CS|TAMS 0x0000000721400000, 0x0000000721400000| Complete 
| 244|0x0000000721800000, 0x0000000721c00000, 0x0000000721c00000|100%| E|CS|TAMS 0x0000000721800000, 0x0000000721800000| Complete 
| 245|0x0000000721c00000, 0x0000000722000000, 0x0000000722000000|100%| E|CS|TAMS 0x0000000721c00000, 0x0000000721c00000| Complete 
| 246|0x0000000722000000, 0x0000000722400000, 0x0000000722400000|100%| E|CS|TAMS 0x0000000722000000, 0x0000000722000000| Complete 
| 247|0x0000000722400000, 0x0000000722800000, 0x0000000722800000|100%| E|CS|TAMS 0x0000000722400000, 0x0000000722400000| Complete 
| 248|0x0000000722800000, 0x0000000722c00000, 0x0000000722c00000|100%| E|CS|TAMS 0x0000000722800000, 0x0000000722800000| Complete 
| 249|0x0000000722c00000, 0x0000000723000000, 0x0000000723000000|100%| E|CS|TAMS 0x0000000722c00000, 0x0000000722c00000| Complete 
| 250|0x0000000723000000, 0x0000000723400000, 0x0000000723400000|100%| E|CS|TAMS 0x0000000723000000, 0x0000000723000000| Complete 
| 251|0x0000000723400000, 0x0000000723800000, 0x0000000723800000|100%| E|CS|TAMS 0x0000000723400000, 0x0000000723400000| Complete 
| 252|0x0000000723800000, 0x0000000723c00000, 0x0000000723c00000|100%| E|CS|TAMS 0x0000000723800000, 0x0000000723800000| Complete 
| 253|0x0000000723c00000, 0x0000000724000000, 0x0000000724000000|100%| E|CS|TAMS 0x0000000723c00000, 0x0000000723c00000| Complete 
| 254|0x0000000724000000, 0x0000000724400000, 0x0000000724400000|100%| E|CS|TAMS 0x0000000724000000, 0x0000000724000000| Complete 
| 255|0x0000000724400000, 0x0000000724800000, 0x0000000724800000|100%| E|CS|TAMS 0x0000000724400000, 0x0000000724400000| Complete 
| 256|0x0000000724800000, 0x0000000724c00000, 0x0000000724c00000|100%| E|CS|TAMS 0x0000000724800000, 0x0000000724800000| Complete 
| 257|0x0000000724c00000, 0x0000000725000000, 0x0000000725000000|100%| E|CS|TAMS 0x0000000724c00000, 0x0000000724c00000| Complete 
| 258|0x0000000725000000, 0x0000000725400000, 0x0000000725400000|100%| E|CS|TAMS 0x0000000725000000, 0x0000000725000000| Complete 
| 259|0x0000000725400000, 0x0000000725800000, 0x0000000725800000|100%| E|CS|TAMS 0x0000000725400000, 0x0000000725400000| Complete 
| 260|0x0000000725800000, 0x0000000725c00000, 0x0000000725c00000|100%| E|CS|TAMS 0x0000000725800000, 0x0000000725800000| Complete 
| 261|0x0000000725c00000, 0x0000000726000000, 0x0000000726000000|100%| E|CS|TAMS 0x0000000725c00000, 0x0000000725c00000| Complete 

Card table byte_map: [0x0000021b0f8e0000,0x0000021b101c0000] _byte_map_base: 0x0000021b0c1bc000

Marking Bits (Prev, Next): (CMBitMap*) 0x0000021b77c28900, (CMBitMap*) 0x0000021b77c288c0
 Prev Bits: [0x0000021b15180000, 0x0000021b19860000)
 Next Bits: [0x0000021b10aa0000, 0x0000021b15180000)

Polling page: 0x0000021b747a0000

Metaspace:

Usage:
  Non-class:     95.03 MB used.
      Class:     14.77 MB used.
       Both:    109.80 MB used.

Virtual space:
  Non-class space:      128.00 MB reserved,      95.50 MB ( 75%) committed,  2 nodes.
      Class space:        1.00 GB reserved,      15.19 MB (  1%) committed,  1 nodes.
             Both:        1.12 GB reserved,     110.69 MB ( 10%) committed. 

Chunk freelists:
   Non-Class:  96.00 KB
       Class:  656.00 KB
        Both:  752.00 KB

MaxMetaspaceSize: unlimited
CompressedClassSpaceSize: 1.00 GB
Initial GC threshold: 21.00 MB
Current GC threshold: 165.44 MB
CDS: on
MetaspaceReclaimPolicy: balanced
 - commit_granule_bytes: 65536.
 - commit_granule_words: 8192.
 - virtual_space_node_default_size: 8388608.
 - enlarge_chunks_in_place: 1.
 - new_chunks_are_fully_committed: 0.
 - uncommit_free_chunks: 1.
 - use_allocation_guard: 0.
 - handle_deallocations: 1.


Internal statistics:

num_allocs_failed_limit: 6.
num_arena_births: 1276.
num_arena_deaths: 0.
num_vsnodes_births: 3.
num_vsnodes_deaths: 0.
num_space_committed: 1769.
num_space_uncommitted: 0.
num_chunks_returned_to_freelist: 6.
num_chunks_taken_from_freelist: 5964.
num_chunk_merges: 6.
num_chunk_splits: 3877.
num_chunks_enlarged: 2538.
num_inconsistent_stats: 0.

CodeHeap 'non-profiled nmethods': size=120000Kb used=9346Kb max_used=9718Kb free=110653Kb
 bounds [0x0000021b07ad0000, 0x0000021b08460000, 0x0000021b0f000000]
CodeHeap 'profiled nmethods': size=120000Kb used=27118Kb max_used=28575Kb free=92881Kb
 bounds [0x0000021b00000000, 0x0000021b01c10000, 0x0000021b07530000]
CodeHeap 'non-nmethods': size=5760Kb used=2492Kb max_used=2548Kb free=3267Kb
 bounds [0x0000021b07530000, 0x0000021b077c0000, 0x0000021b07ad0000]
 total_blobs=14773 nmethods=13741 adapters=943
 compilation: enabled
              stopped_count=0, restarted_count=0
 full_count=0

Compilation events (20 events):
Event: 25.005 Thread 0x0000021b5d18e830 16819 %     3       org.objectweb.asm.ClassWriter::toByteArray @ 17 (1535 bytes)
Event: 25.007 Thread 0x0000021b5d18e830 nmethod 16819% 0x0000021b0163bf10 code [0x0000021b0163c800, 0x0000021b01640908]
Event: 25.008 Thread 0x0000021b5d18e830 16821       2       org.apache.http.util.CharArrayBuffer::charAt (7 bytes)
Event: 25.008 Thread 0x0000021b5d18e830 nmethod 16821 0x0000021b00a71290 code [0x0000021b00a71420, 0x0000021b00a71558]
Event: 25.008 Thread 0x0000021b5d18e830 16822       2       org.apache.http.impl.io.SessionInputBufferImpl::readLine (265 bytes)
Event: 25.008 Thread 0x0000021b5d18e830 nmethod 16822 0x0000021b01813090 code [0x0000021b018132e0, 0x0000021b01813a48]
Event: 25.008 Thread 0x0000021b5d18e830 16824       2       org.apache.http.message.BasicListHeaderIterator::findNext (58 bytes)
Event: 25.009 Thread 0x0000021b5d18e830 nmethod 16824 0x0000021b005ba190 code [0x0000021b005ba340, 0x0000021b005ba578]
Event: 25.009 Thread 0x0000021b5d18e830 16823       2       org.apache.http.message.BasicListHeaderIterator::hasNext (13 bytes)
Event: 25.009 Thread 0x0000021b5d18e830 nmethod 16823 0x0000021b00be3010 code [0x0000021b00be31a0, 0x0000021b00be32b8]
Event: 25.011 Thread 0x0000021b67cf02e0 nmethod 16747 0x0000021b07bfbf90 code [0x0000021b07bfc180, 0x0000021b07bfce18]
Event: 25.011 Thread 0x0000021b67cf02e0 16820       4       org.objectweb.asm.commons.Remapper::mapType (123 bytes)
Event: 25.013 Thread 0x0000021b5d18e830 16825       2       org.objectweb.asm.AnnotationWriter::visitAnnotation (73 bytes)
Event: 25.013 Thread 0x0000021b5d18e830 nmethod 16825 0x0000021b00069e90 code [0x0000021b0006a080, 0x0000021b0006a358]
Event: 25.031 Thread 0x0000021b5d18e830 16828       2       javax.management.ObjectName::<init> (15 bytes)
Event: 25.031 Thread 0x0000021b5d18e830 nmethod 16828 0x0000021b00be7c10 code [0x0000021b00be7da0, 0x0000021b00be7ec8]
Event: 25.031 Thread 0x0000021b5d18e830 16829       2       javax.management.ObjectName::setCanonicalName (251 bytes)
Event: 25.031 Thread 0x0000021b5d18e830 nmethod 16829 0x0000021b00872f10 code [0x0000021b00873160, 0x0000021b00873d08]
Event: 25.031 Thread 0x0000021b5d18e830 16830       2       javax.management.ObjectName::isPropertyListPattern (17 bytes)
Event: 25.031 Thread 0x0000021b5d18e830 nmethod 16830 0x0000021b00bf6d10 code [0x0000021b00bf6ea0, 0x0000021b00bf6fb8]

GC Heap History (20 events):
Event: 8.531 GC heap before
{Heap before GC invocations=33 (full 0):
 garbage-first heap   total 212992K, used 157186K [0x00000006e4800000, 0x0000000800000000)
  region size 4096K, 15 young (61440K), 2 survivors (8192K)
 Metaspace       used 96392K, committed 97152K, reserved 1179648K
  class space    used 13449K, committed 13824K, reserved 1048576K
}
Event: 8.537 GC heap after
{Heap after GC invocations=34 (full 0):
 garbage-first heap   total 212992K, used 112292K [0x00000006e4800000, 0x0000000800000000)
  region size 4096K, 2 young (8192K), 2 survivors (8192K)
 Metaspace       used 96392K, committed 97152K, reserved 1179648K
  class space    used 13449K, committed 13824K, reserved 1048576K
}
Event: 8.770 GC heap before
{Heap before GC invocations=34 (full 0):
 garbage-first heap   total 212992K, used 116388K [0x00000006e4800000, 0x0000000800000000)
  region size 4096K, 3 young (12288K), 2 survivors (8192K)
 Metaspace       used 98219K, committed 99008K, reserved 1179648K
  class space    used 13683K, committed 14080K, reserved 1048576K
}
Event: 8.775 GC heap after
{Heap after GC invocations=35 (full 0):
 garbage-first heap   total 212992K, used 113158K [0x00000006e4800000, 0x0000000800000000)
  region size 4096K, 1 young (4096K), 1 survivors (4096K)
 Metaspace       used 98219K, committed 99008K, reserved 1179648K
  class space    used 13683K, committed 14080K, reserved 1048576K
}
Event: 10.275 GC heap before
{Heap before GC invocations=35 (full 0):
 garbage-first heap   total 212992K, used 137734K [0x00000006e4800000, 0x0000000800000000)
  region size 4096K, 9 young (36864K), 1 survivors (4096K)
 Metaspace       used 100644K, committed 101504K, reserved 1179648K
  class space    used 13973K, committed 14400K, reserved 1048576K
}
Event: 10.279 GC heap after
{Heap after GC invocations=36 (full 0):
 garbage-first heap   total 258048K, used 115333K [0x00000006e4800000, 0x0000000800000000)
  region size 4096K, 1 young (4096K), 1 survivors (4096K)
 Metaspace       used 100644K, committed 101504K, reserved 1179648K
  class space    used 13973K, committed 14400K, reserved 1048576K
}
Event: 10.378 GC heap before
{Heap before GC invocations=36 (full 0):
 garbage-first heap   total 274432K, used 225925K [0x00000006e4800000, 0x0000000800000000)
  region size 4096K, 6 young (24576K), 1 survivors (4096K)
 Metaspace       used 100802K, committed 101632K, reserved 1179648K
  class space    used 13986K, committed 14400K, reserved 1048576K
}
Event: 10.381 GC heap after
{Heap after GC invocations=37 (full 0):
 garbage-first heap   total 274432K, used 117588K [0x00000006e4800000, 0x0000000800000000)
  region size 4096K, 2 young (8192K), 2 survivors (8192K)
 Metaspace       used 100802K, committed 101632K, reserved 1179648K
  class space    used 13986K, committed 14400K, reserved 1048576K
}
Event: 10.388 GC heap before
{Heap before GC invocations=37 (full 0):
 garbage-first heap   total 274432K, used 125780K [0x00000006e4800000, 0x0000000800000000)
  region size 4096K, 3 young (12288K), 2 survivors (8192K)
 Metaspace       used 100802K, committed 101632K, reserved 1179648K
  class space    used 13986K, committed 14400K, reserved 1048576K
}
Event: 10.390 GC heap after
{Heap after GC invocations=38 (full 0):
 garbage-first heap   total 274432K, used 121835K [0x00000006e4800000, 0x0000000800000000)
  region size 4096K, 2 young (8192K), 2 survivors (8192K)
 Metaspace       used 100802K, committed 101632K, reserved 1179648K
  class space    used 13986K, committed 14400K, reserved 1048576K
}
Event: 10.398 GC heap before
{Heap before GC invocations=38 (full 0):
 garbage-first heap   total 274432K, used 130027K [0x00000006e4800000, 0x0000000800000000)
  region size 4096K, 2 young (8192K), 2 survivors (8192K)
 Metaspace       used 100802K, committed 101632K, reserved 1179648K
  class space    used 13986K, committed 14400K, reserved 1048576K
}
Event: 10.401 GC heap after
{Heap after GC invocations=39 (full 0):
 garbage-first heap   total 274432K, used 126249K [0x00000006e4800000, 0x0000000800000000)
  region size 4096K, 2 young (8192K), 2 survivors (8192K)
 Metaspace       used 100802K, committed 101632K, reserved 1179648K
  class space    used 13986K, committed 14400K, reserved 1048576K
}
Event: 10.421 GC heap before
{Heap before GC invocations=39 (full 0):
 garbage-first heap   total 274432K, used 138537K [0x00000006e4800000, 0x0000000800000000)
  region size 4096K, 3 young (12288K), 2 survivors (8192K)
 Metaspace       used 100802K, committed 101632K, reserved 1179648K
  class space    used 13986K, committed 14400K, reserved 1048576K
}
Event: 10.424 GC heap after
{Heap after GC invocations=40 (full 0):
 garbage-first heap   total 274432K, used 130112K [0x00000006e4800000, 0x0000000800000000)
  region size 4096K, 2 young (8192K), 2 survivors (8192K)
 Metaspace       used 100802K, committed 101632K, reserved 1179648K
  class space    used 13986K, committed 14400K, reserved 1048576K
}
Event: 11.106 GC heap before
{Heap before GC invocations=41 (full 0):
 garbage-first heap   total 864256K, used 838720K [0x00000006e4800000, 0x0000000800000000)
  region size 4096K, 6 young (24576K), 2 survivors (8192K)
 Metaspace       used 100874K, committed 101632K, reserved 1179648K
  class space    used 14004K, committed 14400K, reserved 1048576K
}
Event: 11.109 GC heap after
{Heap after GC invocations=42 (full 0):
 garbage-first heap   total 864256K, used 268701K [0x00000006e4800000, 0x0000000800000000)
  region size 4096K, 2 young (8192K), 2 survivors (8192K)
 Metaspace       used 100874K, committed 101632K, reserved 1179648K
  class space    used 14004K, committed 14400K, reserved 1048576K
}
Event: 11.859 GC heap before
{Heap before GC invocations=42 (full 0):
 garbage-first heap   total 1073152K, used 1026461K [0x00000006e4800000, 0x0000000800000000)
  region size 4096K, 10 young (40960K), 2 survivors (8192K)
 Metaspace       used 101204K, committed 101952K, reserved 1179648K
  class space    used 14023K, committed 14400K, reserved 1048576K
}
Event: 11.863 GC heap after
{Heap after GC invocations=43 (full 0):
 garbage-first heap   total 1073152K, used 420051K [0x00000006e4800000, 0x0000000800000000)
  region size 4096K, 2 young (8192K), 2 survivors (8192K)
 Metaspace       used 101204K, committed 101952K, reserved 1179648K
  class space    used 14023K, committed 14400K, reserved 1048576K
}
Event: 24.174 GC heap before
{Heap before GC invocations=43 (full 0):
 garbage-first heap   total 1073152K, used 841939K [0x00000006e4800000, 0x0000000800000000)
  region size 4096K, 104 young (425984K), 2 survivors (8192K)
 Metaspace       used 111853K, committed 112832K, reserved 1179648K
  class space    used 15076K, committed 15552K, reserved 1048576K
}
Event: 24.179 GC heap after
{Heap after GC invocations=44 (full 0):
 garbage-first heap   total 1073152K, used 121310K [0x00000006e4800000, 0x0000000800000000)
  region size 4096K, 2 young (8192K), 2 survivors (8192K)
 Metaspace       used 111853K, committed 112832K, reserved 1179648K
  class space    used 15076K, committed 15552K, reserved 1048576K
}

Dll operation events (15 events):
Event: 0.008 Loaded shared library D:\02 Program Files\Eclipse Adoptium\jdk-17.0.13.11-hotspot\bin\java.dll
Event: 0.018 Loaded shared library D:\02 Program Files\Eclipse Adoptium\jdk-17.0.13.11-hotspot\bin\jsvml.dll
Event: 0.048 Loaded shared library D:\02 Program Files\Eclipse Adoptium\jdk-17.0.13.11-hotspot\bin\zip.dll
Event: 0.051 Loaded shared library D:\02 Program Files\Eclipse Adoptium\jdk-17.0.13.11-hotspot\bin\instrument.dll
Event: 0.054 Loaded shared library D:\02 Program Files\Eclipse Adoptium\jdk-17.0.13.11-hotspot\bin\net.dll
Event: 0.056 Loaded shared library D:\02 Program Files\Eclipse Adoptium\jdk-17.0.13.11-hotspot\bin\nio.dll
Event: 0.058 Loaded shared library D:\02 Program Files\Eclipse Adoptium\jdk-17.0.13.11-hotspot\bin\zip.dll
Event: 0.236 Loaded shared library D:\02 Program Files\Eclipse Adoptium\jdk-17.0.13.11-hotspot\bin\jimage.dll
Event: 0.341 Loaded shared library D:\02 Program Files\Eclipse Adoptium\jdk-17.0.13.11-hotspot\bin\verify.dll
Event: 0.423 Loaded shared library D:\02 Program Files\.gradle\native\c067742578af261105cb4f569cf0c3c89f3d7b1fecec35dd04571415982c5e48\windows-amd64\native-platform.dll
Event: 0.431 Loaded shared library D:\02 Program Files\.gradle\native\100fb08df4bc3b14c8652ba06237920a3bd2aa13389f12d3474272988ae205f9\windows-amd64\native-platform-file-events.dll
Event: 1.003 Loaded shared library D:\02 Program Files\Eclipse Adoptium\jdk-17.0.13.11-hotspot\bin\management.dll
Event: 1.004 Loaded shared library D:\02 Program Files\Eclipse Adoptium\jdk-17.0.13.11-hotspot\bin\management_ext.dll
Event: 1.138 Loaded shared library D:\02 Program Files\Eclipse Adoptium\jdk-17.0.13.11-hotspot\bin\extnet.dll
Event: 1.308 Loaded shared library D:\02 Program Files\Eclipse Adoptium\jdk-17.0.13.11-hotspot\bin\sunmscapi.dll

Deoptimization events (20 events):
Event: 25.006 Thread 0x0000021b6a1d80d0 Uncommon trap: trap_request=0xffffff66 fr.pc=0x0000021b082515f8 relative=0x0000000000004858
Event: 25.006 Thread 0x0000021b6a1d80d0 Uncommon trap: reason=speculate_class_check action=maybe_recompile pc=0x0000021b082515f8 method=org.objectweb.asm.commons.Remapper.mapType(Lorg/objectweb/asm/Type;)Lorg/objectweb/asm/Type; @ 92 c2
Event: 25.006 Thread 0x0000021b6a1d80d0 DEOPT PACKING pc=0x0000021b082515f8 sp=0x0000006be17fa960
Event: 25.006 Thread 0x0000021b6a1d80d0 DEOPT UNPACKING pc=0x0000021b075869a3 sp=0x0000006be17fa888 mode 2
Event: 25.006 Thread 0x0000021b6a1d80d0 Uncommon trap: trap_request=0xffffff66 fr.pc=0x0000021b082515f8 relative=0x0000000000004858
Event: 25.006 Thread 0x0000021b6a1d80d0 Uncommon trap: reason=speculate_class_check action=maybe_recompile pc=0x0000021b082515f8 method=org.objectweb.asm.commons.Remapper.mapType(Lorg/objectweb/asm/Type;)Lorg/objectweb/asm/Type; @ 92 c2
Event: 25.006 Thread 0x0000021b6a1d80d0 DEOPT PACKING pc=0x0000021b082515f8 sp=0x0000006be17fa960
Event: 25.006 Thread 0x0000021b6a1d80d0 DEOPT UNPACKING pc=0x0000021b075869a3 sp=0x0000006be17fa888 mode 2
Event: 25.006 Thread 0x0000021b6a1d80d0 DEOPT PACKING pc=0x0000021b01bd080c sp=0x0000006be17faa60
Event: 25.006 Thread 0x0000021b6a1d80d0 DEOPT UNPACKING pc=0x0000021b07587143 sp=0x0000006be17f9f78 mode 0
Event: 25.011 Thread 0x0000021b6a1d80d0 DEOPT PACKING pc=0x0000021b01bd080c sp=0x0000006be17faa60
Event: 25.011 Thread 0x0000021b6a1d80d0 DEOPT UNPACKING pc=0x0000021b07587143 sp=0x0000006be17f9f78 mode 0
Event: 25.018 Thread 0x0000021b6a1d80d0 DEOPT PACKING pc=0x0000021b01bd080c sp=0x0000006be17fb170
Event: 25.018 Thread 0x0000021b6a1d80d0 DEOPT UNPACKING pc=0x0000021b07587143 sp=0x0000006be17fa688 mode 0
Event: 25.018 Thread 0x0000021b6a1d80d0 DEOPT PACKING pc=0x0000021b01bd080c sp=0x0000006be17fb170
Event: 25.018 Thread 0x0000021b6a1d80d0 DEOPT UNPACKING pc=0x0000021b07587143 sp=0x0000006be17fa688 mode 0
Event: 25.019 Thread 0x0000021b6a1d80d0 DEOPT PACKING pc=0x0000021b01bd080c sp=0x0000006be17faa60
Event: 25.019 Thread 0x0000021b6a1d80d0 DEOPT UNPACKING pc=0x0000021b07587143 sp=0x0000006be17f9f78 mode 0
Event: 25.020 Thread 0x0000021b6a1d80d0 DEOPT PACKING pc=0x0000021b01bd080c sp=0x0000006be17faa60
Event: 25.020 Thread 0x0000021b6a1d80d0 DEOPT UNPACKING pc=0x0000021b07587143 sp=0x0000006be17f9f78 mode 0

Classes loaded (20 events):
Event: 23.728 Loading class sun/security/ssl/PreSharedKeyExtension$PskIdentity
Event: 23.728 Loading class sun/security/ssl/PreSharedKeyExtension$PskIdentity done
Event: 23.728 Loading class sun/security/ssl/PreSharedKeyExtension$CHPreSharedKeySpec
Event: 23.728 Loading class sun/security/ssl/PreSharedKeyExtension$CHPreSharedKeySpec done
Event: 23.728 Loading class sun/security/ssl/PreSharedKeyExtension$PartialClientHelloMessage
Event: 23.729 Loading class sun/security/ssl/PreSharedKeyExtension$PartialClientHelloMessage done
Event: 23.729 Loading class sun/security/ssl/SSLEngineOutputRecord
Event: 23.750 Loading class jdk/internal/misc/ScopedMemoryAccess$Scope$Handle
Event: 23.778 Loading class sun/security/ssl/SSLEngineOutputRecord done
Event: 23.780 Loading class jdk/internal/misc/ScopedMemoryAccess$Scope$Handle done
Event: 23.781 Loading class sun/security/ssl/SSLEngineOutputRecord$HandshakeFragment
Event: 23.798 Loading class sun/security/ssl/SSLEngineOutputRecord$HandshakeFragment done
Event: 23.798 Loading class sun/security/ssl/SSLEngineOutputRecord$HandshakeMemo
Event: 23.798 Loading class sun/security/ssl/SSLEngineOutputRecord$RecordMemo
Event: 23.798 Loading class sun/security/ssl/SSLEngineOutputRecord$RecordMemo done
Event: 23.798 Loading class sun/security/ssl/SSLEngineOutputRecord$HandshakeMemo done
Event: 23.842 Loading class sun/security/ssl/PreSharedKeyExtension$SHPreSharedKeySpec
Event: 23.842 Loading class sun/security/ssl/PreSharedKeyExtension$SHPreSharedKeySpec done
Event: 24.159 Loading class sun/security/ssl/ServerNameExtension$SHServerNamesSpec
Event: 24.159 Loading class sun/security/ssl/ServerNameExtension$SHServerNamesSpec done

Classes unloaded (0 events):
No events

Classes redefined (0 events):
No events

Internal exceptions (20 events):
Event: 24.730 Thread 0x0000021b6a1d8af0 Exception <a 'sun/nio/fs/WindowsException'{0x000000071ad0be30}> (0x000000071ad0be30) 
thrown [s\src\hotspot\share\prims\jni.cpp, line 516]
Event: 24.750 Thread 0x0000021b6699fb00 Exception <a 'sun/nio/fs/WindowsException'{0x000000071aa7adf0}> (0x000000071aa7adf0) 
thrown [s\src\hotspot\share\prims\jni.cpp, line 516]
Event: 24.750 Thread 0x0000021b6a1d6780 Exception <a 'sun/nio/fs/WindowsException'{0x000000071dd7d078}> (0x000000071dd7d078) 
thrown [s\src\hotspot\share\prims\jni.cpp, line 516]
Event: 24.757 Thread 0x0000021b6a1d9510 Exception <a 'sun/nio/fs/WindowsException'{0x0000000720190ce0}> (0x0000000720190ce0) 
thrown [s\src\hotspot\share\prims\jni.cpp, line 516]
Event: 24.757 Thread 0x0000021b6a1d9510 Exception <a 'sun/nio/fs/WindowsException'{0x0000000720190da0}> (0x0000000720190da0) 
thrown [s\src\hotspot\share\prims\jni.cpp, line 516]
Event: 24.757 Thread 0x0000021b6a1d9510 Exception <a 'sun/nio/fs/WindowsException'{0x00000007201912b0}> (0x00000007201912b0) 
thrown [s\src\hotspot\share\prims\jni.cpp, line 516]
Event: 24.780 Thread 0x0000021b6a1d6c90 Exception <a 'sun/nio/fs/WindowsException'{0x0000000724c6f600}> (0x0000000724c6f600) 
thrown [s\src\hotspot\share\prims\jni.cpp, line 516]
Event: 24.782 Thread 0x0000021b6a1d7bc0 Exception <a 'sun/nio/fs/WindowsException'{0x0000000717abd0f8}> (0x0000000717abd0f8) 
thrown [s\src\hotspot\share\prims\jni.cpp, line 516]
Event: 24.815 Thread 0x0000021b6a1d5d60 Exception <a 'sun/nio/fs/WindowsException'{0x000000071626e478}> (0x000000071626e478) 
thrown [s\src\hotspot\share\prims\jni.cpp, line 516]
Event: 24.820 Thread 0x0000021b5d926df0 Exception <a 'sun/nio/fs/WindowsException'{0x0000000724cfdd28}> (0x0000000724cfdd28) 
thrown [s\src\hotspot\share\prims\jni.cpp, line 516]
Event: 24.838 Thread 0x0000021b6a1da440 Exception <a 'sun/nio/fs/WindowsException'{0x0000000715bda1e8}> (0x0000000715bda1e8) 
thrown [s\src\hotspot\share\prims\jni.cpp, line 516]
Event: 24.863 Thread 0x0000021b6a1d9510 Exception <a 'sun/nio/fs/WindowsException'{0x0000000718cd0958}> (0x0000000718cd0958) 
thrown [s\src\hotspot\share\prims\jni.cpp, line 516]
Event: 24.869 Thread 0x0000021b6a1d71a0 Exception <a 'sun/nio/fs/WindowsException'{0x0000000713edbcf0}> (0x0000000713edbcf0) 
thrown [s\src\hotspot\share\prims\jni.cpp, line 516]
Event: 24.879 Thread 0x0000021b6a1d6c90 Exception <a 'sun/nio/fs/WindowsException'{0x0000000713a5e380}> (0x0000000713a5e380) 
thrown [s\src\hotspot\share\prims\jni.cpp, line 516]
Event: 24.889 Thread 0x0000021b6a1d6270 Exception <a 'sun/nio/fs/WindowsException'{0x0000000725fb4cb8}> (0x0000000725fb4cb8) 
thrown [s\src\hotspot\share\prims\jni.cpp, line 516]
Event: 24.896 Thread 0x0000021b6a1d7bc0 Exception <a 'sun/nio/fs/WindowsException'{0x0000000712e266e8}> (0x0000000712e266e8) 
thrown [s\src\hotspot\share\prims\jni.cpp, line 516]
Event: 24.917 Thread 0x0000021b6a1d6c90 Exception <a 'sun/nio/fs/WindowsException'{0x00000007122b74b0}> (0x00000007122b74b0) 
thrown [s\src\hotspot\share\prims\jni.cpp, line 516]
Event: 24.925 Thread 0x0000021b6a1d8af0 Exception <a 'sun/nio/fs/WindowsException'{0x0000000711edebc0}> (0x0000000711edebc0) 
thrown [s\src\hotspot\share\prims\jni.cpp, line 516]
Event: 24.953 Thread 0x0000021b6a1d71a0 Exception <a 'sun/nio/fs/WindowsException'{0x000000070f8d33e0}> (0x000000070f8d33e0) 
thrown [s\src\hotspot\share\prims\jni.cpp, line 516]
Event: 24.976 Thread 0x0000021b6a1d6780 Exception <a 'sun/nio/fs/WindowsException'{0x000000070e7469e8}> (0x000000070e7469e8) 
thrown [s\src\hotspot\share\prims\jni.cpp, line 516]

VM Operations (20 events):
Event: 23.641 Executing VM operation: HandshakeAllThreads
Event: 23.641 Executing VM operation: HandshakeAllThreads done
Event: 23.780 Executing VM operation: HandshakeAllThreads
Event: 23.780 Executing VM operation: HandshakeAllThreads done
Event: 23.975 Executing VM operation: ICBufferFull
Event: 23.975 Executing VM operation: ICBufferFull done
Event: 24.174 Executing VM operation: G1CollectForAllocation
Event: 24.179 Executing VM operation: G1CollectForAllocation done
Event: 24.342 Executing VM operation: HandshakeAllThreads
Event: 24.342 Executing VM operation: HandshakeAllThreads done
Event: 24.413 Executing VM operation: HandshakeAllThreads
Event: 24.413 Executing VM operation: HandshakeAllThreads done
Event: 24.414 Executing VM operation: HandshakeAllThreads
Event: 24.414 Executing VM operation: HandshakeAllThreads done
Event: 24.554 Executing VM operation: HandshakeAllThreads
Event: 24.554 Executing VM operation: HandshakeAllThreads done
Event: 24.558 Executing VM operation: ICBufferFull
Event: 24.558 Executing VM operation: ICBufferFull done
Event: 24.834 Executing VM operation: HandshakeAllThreads
Event: 24.844 Executing VM operation: HandshakeAllThreads done

Memory protections (0 events):
No events

Nmethod flushes (20 events):
Event: 24.875 Thread 0x0000021b5d1c1170 flushing  nmethod 0x0000021b01925510
Event: 24.875 Thread 0x0000021b5d1c1170 flushing  nmethod 0x0000021b01938d90
Event: 24.876 Thread 0x0000021b5d1c1170 flushing  nmethod 0x0000021b01945890
Event: 24.876 Thread 0x0000021b5d1c1170 flushing  nmethod 0x0000021b01951910
Event: 24.878 Thread 0x0000021b5d1c1170 flushing  nmethod 0x0000021b01a9f410
Event: 24.878 Thread 0x0000021b5d1c1170 flushing  nmethod 0x0000021b01a9f790
Event: 24.878 Thread 0x0000021b5d1c1170 flushing  nmethod 0x0000021b01aa1c90
Event: 24.878 Thread 0x0000021b5d1c1170 flushing  nmethod 0x0000021b01aa2090
Event: 24.878 Thread 0x0000021b5d1c1170 flushing  nmethod 0x0000021b01ada990
Event: 24.878 Thread 0x0000021b5d1c1170 flushing  nmethod 0x0000021b01adad90
Event: 24.878 Thread 0x0000021b5d1c1170 flushing  nmethod 0x0000021b01afd110
Event: 24.878 Thread 0x0000021b5d1c1170 flushing  nmethod 0x0000021b01b26710
Event: 24.878 Thread 0x0000021b5d1c1170 flushing  nmethod 0x0000021b01b3ab10
Event: 24.878 Thread 0x0000021b5d1c1170 flushing  nmethod 0x0000021b01b3ae90
Event: 24.878 Thread 0x0000021b5d1c1170 flushing  nmethod 0x0000021b01b58990
Event: 24.879 Thread 0x0000021b5d1c1170 flushing  nmethod 0x0000021b01bad610
Event: 24.879 Thread 0x0000021b5d1c1170 flushing  nmethod 0x0000021b01bae510
Event: 24.879 Thread 0x0000021b5d1c1170 flushing  nmethod 0x0000021b01baf010
Event: 24.879 Thread 0x0000021b5d1c1170 flushing  nmethod 0x0000021b01bb0e10
Event: 24.879 Thread 0x0000021b5d1c1170 flushing  nmethod 0x0000021b01bb1610

Events (20 events):
Event: 22.736 Thread 0x0000021b67cf02e0 Thread exited: 0x0000021b67cf02e0
Event: 22.742 Thread 0x0000021b67cee300 Thread exited: 0x0000021b67cee300
Event: 23.287 Thread 0x0000021b669a1960 Thread added: 0x0000021b5d9268e0
Event: 23.382 Thread 0x0000021b5d185f10 Thread added: 0x0000021b67ceeda0
Event: 23.542 Thread 0x0000021b67ceeda0 Thread exited: 0x0000021b67ceeda0
Event: 23.623 Thread 0x0000021b5d18e830 Thread added: 0x0000021b67cf02e0
Event: 23.626 Thread 0x0000021b5d18e830 Thread added: 0x0000021b67cee300
Event: 23.683 Thread 0x0000021b6699fb00 Thread added: 0x0000021b5d926df0
Event: 23.683 Thread 0x0000021b6699fb00 Thread added: 0x0000021b6a1d6c90
Event: 23.684 Thread 0x0000021b6699fb00 Thread added: 0x0000021b6a1d71a0
Event: 23.684 Thread 0x0000021b6699fb00 Thread added: 0x0000021b6a1d6270
Event: 23.684 Thread 0x0000021b6699fb00 Thread added: 0x0000021b6a1d6780
Event: 23.684 Thread 0x0000021b6699fb00 Thread added: 0x0000021b6a1d7bc0
Event: 23.684 Thread 0x0000021b6699fb00 Thread added: 0x0000021b6a1d5d60
Event: 23.686 Thread 0x0000021b6699fb00 Thread added: 0x0000021b6a1d8af0
Event: 23.686 Thread 0x0000021b6699fb00 Thread added: 0x0000021b6a1da440
Event: 23.686 Thread 0x0000021b6699fb00 Thread added: 0x0000021b6a1d9510
Event: 23.686 Thread 0x0000021b6699fb00 Thread added: 0x0000021b6a1d80d0
Event: 24.295 Thread 0x0000021b67cee300 Thread exited: 0x0000021b67cee300
Event: 24.539 Thread 0x0000021b5d18e830 Thread added: 0x0000021b67cee300


Dynamic libraries:
0x00007ff79d7e0000 - 0x00007ff79d7ee000 	D:\02 Program Files\Eclipse Adoptium\jdk-17.0.13.11-hotspot\bin\java.exe
0x00007ff831c00000 - 0x00007ff831e67000 	C:\Windows\SYSTEM32\ntdll.dll
0x00007ff82fa60000 - 0x00007ff82fb29000 	C:\Windows\System32\KERNEL32.DLL
0x00007ff82f270000 - 0x00007ff82f65f000 	C:\Windows\System32\KERNELBASE.dll
0x00007ff82eef0000 - 0x00007ff82f03b000 	C:\Windows\System32\ucrtbase.dll
0x00007ff80be50000 - 0x00007ff80be6e000 	D:\02 Program Files\Eclipse Adoptium\jdk-17.0.13.11-hotspot\bin\VCRUNTIME140.dll
0x00007ff80add0000 - 0x00007ff80ade7000 	D:\02 Program Files\Eclipse Adoptium\jdk-17.0.13.11-hotspot\bin\jli.dll
0x00007ff8308b0000 - 0x00007ff830a75000 	C:\Windows\System32\USER32.dll
0x00007ff81c370000 - 0x00007ff81c603000 	C:\Windows\WinSxS\amd64_microsoft.windows.common-controls_6595b64144ccf1df_6.0.26100.7309_none_3e05feeae336a044\COMCTL32.dll
0x00007ff82eec0000 - 0x00007ff82eee7000 	C:\Windows\System32\win32u.dll
0x00007ff830100000 - 0x00007ff8301a9000 	C:\Windows\System32\msvcrt.dll
0x00007ff831b90000 - 0x00007ff831bbb000 	C:\Windows\System32\GDI32.dll
0x00007ff82f7b0000 - 0x00007ff82f8dc000 	C:\Windows\System32\gdi32full.dll
0x00007ff82f040000 - 0x00007ff82f0e3000 	C:\Windows\System32\msvcp_win.dll
0x00007ff8300c0000 - 0x00007ff8300f1000 	C:\Windows\System32\IMM32.DLL
0x00007fff72220000 - 0x00007fff723cc000 	D:\02 Program Files\Steam\gameoverlayrenderer64.dll
0x00007ff830580000 - 0x00007ff830634000 	C:\Windows\System32\ADVAPI32.dll
0x00007ff830350000 - 0x00007ff8303f6000 	C:\Windows\System32\sechost.dll
0x00007ff831310000 - 0x00007ff831428000 	C:\Windows\System32\RPCRT4.dll
0x00007ff8301b0000 - 0x00007ff830347000 	C:\Windows\System32\ole32.dll
0x00007ff830d20000 - 0x00007ff8310a6000 	C:\Windows\System32\combase.dll
0x00007ff830690000 - 0x00007ff830766000 	C:\Windows\System32\OLEAUT32.dll
0x00007ff830790000 - 0x00007ff830798000 	C:\Windows\System32\PSAPI.DLL
0x00007ff8248d0000 - 0x00007ff824905000 	C:\Windows\SYSTEM32\WINMM.dll
0x00007ff82e8c0000 - 0x00007ff82e917000 	C:\Windows\SYSTEM32\CFGMGR32.dll
0x00007ff80bf00000 - 0x00007ff80bf0c000 	D:\02 Program Files\Eclipse Adoptium\jdk-17.0.13.11-hotspot\bin\vcruntime140_1.dll
0x00007fffebb10000 - 0x00007fffebb9d000 	D:\02 Program Files\Eclipse Adoptium\jdk-17.0.13.11-hotspot\bin\msvcp140.dll
0x00007fffe2820000 - 0x00007fffe348b000 	D:\02 Program Files\Eclipse Adoptium\jdk-17.0.13.11-hotspot\bin\server\jvm.dll
0x00007ff830a90000 - 0x00007ff830b04000 	C:\Windows\System32\WS2_32.dll
0x00007ff82ebb0000 - 0x00007ff82ec0e000 	C:\Windows\SYSTEM32\POWRPROF.dll
0x00007ff827e90000 - 0x00007ff827e9b000 	C:\Windows\SYSTEM32\VERSION.dll
0x00007ff82eb90000 - 0x00007ff82eba4000 	C:\Windows\SYSTEM32\UMPDC.dll
0x00007ff82db00000 - 0x00007ff82db1b000 	C:\Windows\SYSTEM32\kernel.appcore.dll
0x00007ff80adc0000 - 0x00007ff80adca000 	D:\02 Program Files\Eclipse Adoptium\jdk-17.0.13.11-hotspot\bin\jimage.dll
0x00007ff826c50000 - 0x00007ff826e92000 	C:\Windows\SYSTEM32\DBGHELP.DLL
0x00007ff808850000 - 0x00007ff80888c000 	C:\Windows\SYSTEM32\dbgcore.DLL
0x00007ff82f700000 - 0x00007ff82f7a5000 	C:\Windows\System32\bcryptPrimitives.dll
0x00007ff808970000 - 0x00007ff80897e000 	D:\02 Program Files\Eclipse Adoptium\jdk-17.0.13.11-hotspot\bin\instrument.dll
0x00007ff80aca0000 - 0x00007ff80acc5000 	D:\02 Program Files\Eclipse Adoptium\jdk-17.0.13.11-hotspot\bin\java.dll
0x00007fffeb460000 - 0x00007fffeb537000 	D:\02 Program Files\Eclipse Adoptium\jdk-17.0.13.11-hotspot\bin\jsvml.dll
0x00007ff831430000 - 0x00007ff831b83000 	C:\Windows\System32\SHELL32.dll
0x00007ff82ed50000 - 0x00007ff82eeba000 	C:\Windows\System32\wintypes.dll
0x00007ff82c990000 - 0x00007ff82d1ee000 	C:\Windows\SYSTEM32\windows.storage.dll
0x00007ff830480000 - 0x00007ff830575000 	C:\Windows\System32\SHCORE.dll
0x00007ff830400000 - 0x00007ff830466000 	C:\Windows\System32\shlwapi.dll
0x00007ff82ec40000 - 0x00007ff82ec69000 	C:\Windows\SYSTEM32\profapi.dll
0x00007ff808d90000 - 0x00007ff808da8000 	D:\02 Program Files\Eclipse Adoptium\jdk-17.0.13.11-hotspot\bin\zip.dll
0x00007ff80ac80000 - 0x00007ff80ac99000 	D:\02 Program Files\Eclipse Adoptium\jdk-17.0.13.11-hotspot\bin\net.dll
0x00007ff828200000 - 0x00007ff828328000 	C:\Windows\SYSTEM32\WINHTTP.dll
0x00007ff82e070000 - 0x00007ff82e0db000 	C:\Windows\system32\mswsock.dll
0x00007ff80abf0000 - 0x00007ff80ac06000 	D:\02 Program Files\Eclipse Adoptium\jdk-17.0.13.11-hotspot\bin\nio.dll
0x00007ff80adb0000 - 0x00007ff80adc0000 	D:\02 Program Files\Eclipse Adoptium\jdk-17.0.13.11-hotspot\bin\verify.dll
0x00007ff8016a0000 - 0x00007ff8016c7000 	D:\02 Program Files\.gradle\native\c067742578af261105cb4f569cf0c3c89f3d7b1fecec35dd04571415982c5e48\windows-amd64\native-platform.dll
0x00007fffeb310000 - 0x00007fffeb454000 	D:\02 Program Files\.gradle\native\100fb08df4bc3b14c8652ba06237920a3bd2aa13389f12d3474272988ae205f9\windows-amd64\native-platform-file-events.dll
0x00007ff80a940000 - 0x00007ff80a94a000 	D:\02 Program Files\Eclipse Adoptium\jdk-17.0.13.11-hotspot\bin\management.dll
0x00007ff808a80000 - 0x00007ff808a8b000 	D:\02 Program Files\Eclipse Adoptium\jdk-17.0.13.11-hotspot\bin\management_ext.dll
0x00007ff82e340000 - 0x00007ff82e35b000 	C:\Windows\SYSTEM32\CRYPTSP.dll
0x00007ff82da60000 - 0x00007ff82da9a000 	C:\Windows\system32\rsaenh.dll
0x00007ff82e120000 - 0x00007ff82e14b000 	C:\Windows\SYSTEM32\USERENV.dll
0x00007ff82ec70000 - 0x00007ff82ec9a000 	C:\Windows\SYSTEM32\bcrypt.dll
0x00007ff82e330000 - 0x00007ff82e33c000 	C:\Windows\SYSTEM32\CRYPTBASE.dll
0x00007ff82d510000 - 0x00007ff82d544000 	C:\Windows\SYSTEM32\IPHLPAPI.DLL
0x00007ff830a80000 - 0x00007ff830a8a000 	C:\Windows\System32\NSI.dll
0x00007ff828110000 - 0x00007ff82812e000 	C:\Windows\SYSTEM32\dhcpcsvc6.DLL
0x00007ff8280e0000 - 0x00007ff828103000 	C:\Windows\SYSTEM32\dhcpcsvc.DLL
0x00007ff82d550000 - 0x00007ff82d67c000 	C:\Windows\SYSTEM32\DNSAPI.dll
0x00007ff808980000 - 0x00007ff808989000 	D:\02 Program Files\Eclipse Adoptium\jdk-17.0.13.11-hotspot\bin\extnet.dll
0x00007ff808890000 - 0x00007ff80889e000 	D:\02 Program Files\Eclipse Adoptium\jdk-17.0.13.11-hotspot\bin\sunmscapi.dll
0x00007ff82e550000 - 0x00007ff82e580000 	C:\Windows\SYSTEM32\ncrypt.dll
0x0000021b642e0000 - 0x0000021b64457000 	C:\Windows\System32\CRYPT32.dll
0x00007ff82e500000 - 0x00007ff82e53f000 	C:\Windows\SYSTEM32\NTASN1.dll
0x00007ff808440000 - 0x00007ff808448000 	C:\Windows\system32\wshunix.dll
0x00007ff826610000 - 0x00007ff82661b000 	C:\Windows\System32\rasadhlp.dll
0x00007ff826fc0000 - 0x00007ff827046000 	C:\Windows\System32\fwpuclnt.dll
0x00007ff82be20000 - 0x00007ff82bebf000 	C:\Windows\system32\apphelp.dll
0x00007ff82dc20000 - 0x00007ff82dc56000 	C:\Windows\SYSTEM32\ntmarta.dll

dbghelp: loaded successfully - version: 4.0.5 - missing functions: none
symbol engine: initialized successfully - sym options: 0x614 - pdb path: .;D:\02 Program Files\Eclipse Adoptium\jdk-17.0.13.11-hotspot\bin;C:\Windows\SYSTEM32;C:\Windows\WinSxS\amd64_microsoft.windows.common-controls_6595b64144ccf1df_6.0.26100.7309_none_3e05feeae336a044;D:\02 Program Files\Steam;D:\02 Program Files\Eclipse Adoptium\jdk-17.0.13.11-hotspot\bin\server;D:\02 Program Files\.gradle\native\c067742578af261105cb4f569cf0c3c89f3d7b1fecec35dd04571415982c5e48\windows-amd64;D:\02 Program Files\.gradle\native\100fb08df4bc3b14c8652ba06237920a3bd2aa13389f12d3474272988ae205f9\windows-amd64

VM Arguments:
jvm_args: --add-opens=java.base/java.lang=ALL-UNNAMED --add-opens=java.base/java.lang.invoke=ALL-UNNAMED --add-opens=java.base/java.util=ALL-UNNAMED --add-opens=java.prefs/java.util.prefs=ALL-UNNAMED --add-exports=jdk.compiler/com.sun.tools.javac.api=ALL-UNNAMED --add-exports=jdk.compiler/com.sun.tools.javac.util=ALL-UNNAMED --add-opens=java.base/java.util=ALL-UNNAMED --add-opens=java.prefs/java.util.prefs=ALL-UNNAMED --add-opens=java.base/java.nio.charset=ALL-UNNAMED --add-opens=java.base/java.net=ALL-UNNAMED --add-opens=java.base/java.util.concurrent.atomic=ALL-UNNAMED --add-opens=java.xml/javax.xml.namespace=ALL-UNNAMED -Xmx4536m -Dfile.encoding=windows-1252 -Duser.country=GB -Duser.language=en -Duser.variant -javaagent:D:\02 Program Files\.gradle\wrapper\dists\gradle-8.11.1-bin\bpt9gzteqjrbo1mjrsomdt32c\gradle-8.11.1\lib\agents\gradle-instrumentation-agent-8.11.1.jar 
java_command: org.gradle.launcher.daemon.bootstrap.GradleDaemon 8.11.1
java_class_path (initial): D:\02 Program Files\.gradle\wrapper\dists\gradle-8.11.1-bin\bpt9gzteqjrbo1mjrsomdt32c\gradle-8.11.1\lib\gradle-daemon-main-8.11.1.jar
Launcher Type: SUN_STANDARD

[Global flags]
     intx CICompilerCount                          = 4                                         {product} {ergonomic}
     uint ConcGCThreads                            = 3                                         {product} {ergonomic}
     uint G1ConcRefinementThreads                  = 10                                        {product} {ergonomic}
   size_t G1HeapRegionSize                         = 4194304                                   {product} {ergonomic}
    uintx GCDrainStackTargetSize                   = 64                                        {product} {ergonomic}
   size_t InitialHeapSize                          = 134217728                                 {product} {ergonomic}
   size_t MarkStackSize                            = 4194304                                   {product} {ergonomic}
   size_t MaxHeapSize                              = 4756340736                                {product} {command line}
   size_t MaxNewSize                               = 2852126720                                {product} {ergonomic}
   size_t MinHeapDeltaBytes                        = 4194304                                   {product} {ergonomic}
   size_t MinHeapSize                              = 8388608                                   {product} {ergonomic}
    uintx NonNMethodCodeHeapSize                   = 5839372                                {pd product} {ergonomic}
    uintx NonProfiledCodeHeapSize                  = 122909434                              {pd product} {ergonomic}
    uintx ProfiledCodeHeapSize                     = 122909434                              {pd product} {ergonomic}
    uintx ReservedCodeCacheSize                    = 251658240                              {pd product} {ergonomic}
     bool SegmentedCodeCache                       = true                                      {product} {ergonomic}
   size_t SoftMaxHeapSize                          = 4756340736                             {manageable} {ergonomic}
     bool UseCompressedClassPointers               = true                           {product lp64_product} {ergonomic}
     bool UseCompressedOops                        = true                           {product lp64_product} {ergonomic}
     bool UseG1GC                                  = true                                      {product} {ergonomic}
     bool UseLargePagesIndividualAllocation        = false                                  {pd product} {ergonomic}

Logging:
Log output configuration:
 #0: stdout all=warning uptime,level,tags
 #1: stderr all=off uptime,level,tags

Environment Variables:
JAVA_HOME=D:/02 Program Files/Eclipse Adoptium/jdk-17.0.13.11-hotspot
CLASSPATH=D:\03 Yaatra\03 GitHub\OfflineGames_Sudooku\Sudooku\android\build\\gradle\wrapper\gradle-wrapper.jar
PATH=D:\02 Program Files\Steam;D:\02 Program Files\Java temurin\bin;C:\Windows\system32;C:\Windows;C:\Windows\System32\Wbem;C:\Windows\System32\WindowsPowerShell\v1.0\;C:\Windows\System32\OpenSSH\;C:\Program Files\NVIDIA Corporation\NVIDIA App\NvDLISR;C:\Program Files (x86)\NVIDIA Corporation\PhysX\Common;D:\02 Program Files\Git\Git\cmd;D:\02 Program Files\nodejs\;C:\xampp\php;C:\composer;C:\Users\arava\scoop\shims;C:\Users\arava\AppData\Local\Microsoft\WindowsApps;D:\02 Program Files\VS Code\Microsoft VS Code\bin;C:\Users\arava\AppData\Local\GitHubDesktop\bin;D:\02 Program Files\flutter-sdk\flutter\bin;D:\02 Program Files\Sdk\platform-tools;C:\Users\arava\AppData\Roaming\npm;C:\Users\arava\AppData\Roaming\Composer\vendor\bin
USERNAME=arava
OS=Windows_NT
PROCESSOR_IDENTIFIER=AMD64 Family 25 Model 33 Stepping 2, AuthenticAMD
TMP=C:\Users\arava\AppData\Local\Temp
TEMP=C:\Users\arava\AppData\Local\Temp



Periodic native trim disabled


---------------  S Y S T E M  ---------------

OS:
 Windows 11 , 64 bit Build 26100 (10.0.26100.7623)
OS uptime: 0 days 2:14 hours

CPU: total 12 (initial active 12) (12 cores per cpu, 2 threads per core) family 25 model 33 stepping 2 microcode 0xa201213, cx8, cmov, fxsr, ht, mmx, 3dnowpref, sse, sse2, sse3, ssse3, sse4a, sse4.1, sse4.2, popcnt, lzcnt, tsc, tscinvbit, avx, avx2, aes, erms, clmul, bmi1, bmi2, adx, sha, fma, vzeroupper, clflush, clflushopt
Processor Information for all 12 processors :
  Max Mhz: 3701, Current Mhz: 3701, Mhz Limit: 3701

Memory: 4k page, system-wide physical 8118M (1233M free)
TotalPageFile size 17705M (AvailPageFile size 23M)
current process WorkingSet (physical memory assigned to process): 1441M, peak: 1441M
current process commit charge ("private bytes"): 1496M, peak: 1497M

vm_info: OpenJDK 64-Bit Server VM (17.0.13+11) for windows-amd64 JRE (17.0.13+11), built on Oct 16 2024 00:10:08 by "admin" with MS VC++ 17.7 (VS2022)

END.
